test_aasb_tier2_current_and_unsupported_entity_scopes (test_additional_workflows.AdditionalWorkflowTests.test_aasb_tier2_current_and_unsupported_entity_scopes) ... ok
test_acquisition_bargain_reassessment (test_additional_workflows.AdditionalWorkflowTests.test_acquisition_bargain_reassessment) ... ok
test_acquisition_nci_costs_and_goodwill (test_additional_workflows.AdditionalWorkflowTests.test_acquisition_nci_costs_and_goodwill) ... ok
test_acquisition_wrong_models_and_scope (test_additional_workflows.AdditionalWorkflowTests.test_acquisition_wrong_models_and_scope) ... ok
test_all_framework_context_and_evidence_failures (test_additional_workflows.AdditionalWorkflowTests.test_all_framework_context_and_evidence_failures) ... ok
test_allocation_floors_and_exhaustion (test_additional_workflows.AdditionalWorkflowTests.test_allocation_floors_and_exhaustion) ... ok
test_asc350_cap_and_sequence (test_additional_workflows.AdditionalWorkflowTests.test_asc350_cap_and_sequence) ... ok
test_asc360_undiscounted_screen (test_additional_workflows.AdditionalWorkflowTests.test_asc360_undiscounted_screen) ... ok
test_award_bad_inputs_and_events (test_additional_workflows.AdditionalWorkflowTests.test_award_bad_inputs_and_events) ... ok
test_award_reporting_date_measurement_not_stale (test_additional_workflows.AdditionalWorkflowTests.test_award_reporting_date_measurement_not_stale) ... ok
test_award_us_forfeiture_election (test_additional_workflows.AdditionalWorkflowTests.test_award_us_forfeiture_election) ... ok
test_cancellation_remaining_cost_and_payment (test_additional_workflows.AdditionalWorkflowTests.test_cancellation_remaining_cost_and_payment) ... ok
test_cash_award_remeasurement_settlement (test_additional_workflows.AdditionalWorkflowTests.test_cash_award_remeasurement_settlement) ... ok
test_cash_population_must_be_dated_and_complete (test_additional_workflows.AdditionalWorkflowTests.test_cash_population_must_be_dated_and_complete) ... ok
test_contingent_liability_and_equity (test_additional_workflows.AdditionalWorkflowTests.test_contingent_liability_and_equity) ... ok
test_contract_fields_and_status (test_additional_workflows.AdditionalWorkflowTests.test_contract_fields_and_status) ... ok
test_dcf_discount_and_terminal (test_additional_workflows.AdditionalWorkflowTests.test_dcf_discount_and_terminal) ... ok
test_disposal_date_rate_scope (test_additional_workflows.AdditionalWorkflowTests.test_disposal_date_rate_scope) ... ok
test_equity_award_three_year_schedule (test_additional_workflows.AdditionalWorkflowTests.test_equity_award_three_year_schedule) ... ok
test_equity_not_reporting_fv_and_market_failure (test_additional_workflows.AdditionalWorkflowTests.test_equity_not_reporting_fv_and_market_failure) ... ok
test_financial_statement_primary_ties (test_additional_workflows.AdditionalWorkflowTests.test_financial_statement_primary_ties) ... ok
test_future_vesting_date_always_validated (test_additional_workflows.AdditionalWorkflowTests.test_future_vesting_date_always_validated) ... ok
test_fx_cta_not_plug_and_rates (test_additional_workflows.AdditionalWorkflowTests.test_fx_cta_not_plug_and_rates) ... ok
test_fx_disposal_owner_vs_nci (test_additional_workflows.AdditionalWorkflowTests.test_fx_disposal_owner_vs_nci) ... ok
test_fx_liability_historical_and_fair_value (test_additional_workflows.AdditionalWorkflowTests.test_fx_liability_historical_and_fair_value) ... ok
test_fx_specialist_boundaries (test_additional_workflows.AdditionalWorkflowTests.test_fx_specialist_boundaries) ... ok
test_fx_transaction_and_cta (test_additional_workflows.AdditionalWorkflowTests.test_fx_transaction_and_cta) ... ok
test_ias36_higher_of_and_goodwill_first (test_additional_workflows.AdditionalWorkflowTests.test_ias36_higher_of_and_goodwill_first) ... ok
test_ifrs18_aasb18_2027_and_early_adoption (test_additional_workflows.AdditionalWorkflowTests.test_ifrs18_aasb18_2027_and_early_adoption) ... ok
test_ifrs18_bad_categories_subtotal_and_tier2 (test_additional_workflows.AdditionalWorkflowTests.test_ifrs18_bad_categories_subtotal_and_tier2) ... ok
test_ifrs18_categories_subtotals_and_mdp (test_additional_workflows.AdditionalWorkflowTests.test_ifrs18_categories_subtotals_and_mdp) ... ok
test_impairment_uk_and_invalid_perimeter (test_additional_workflows.AdditionalWorkflowTests.test_impairment_uk_and_invalid_perimeter) ... ok
test_knowledge_changed_and_wrong_claims (test_additional_workflows.AdditionalWorkflowTests.test_knowledge_changed_and_wrong_claims) ... ok
test_measurement_period_accounting (test_additional_workflows.AdditionalWorkflowTests.test_measurement_period_accounting) ... ok
test_missing_and_stale_certification (test_additional_workflows.AdditionalWorkflowTests.test_missing_and_stale_certification) ... ok
test_modification_floor (test_additional_workflows.AdditionalWorkflowTests.test_modification_floor) ... ok
test_modification_service_chronology (test_additional_workflows.AdditionalWorkflowTests.test_modification_service_chronology) ... ok
test_nonobjects_malformed_and_numerical_inputs (test_additional_workflows.AdditionalWorkflowTests.test_nonobjects_malformed_and_numerical_inputs) ... ok
test_operational_topic_retrieved_without_fabricated_claims (test_additional_workflows.AdditionalWorkflowTests.test_operational_topic_retrieved_without_fabricated_claims) ... ok
test_public_contamination_fails_closed_all_packages (test_additional_workflows.AdditionalWorkflowTests.test_public_contamination_fails_closed_all_packages) ... ok
test_public_workpapers_omit_internal_memos (test_additional_workflows.AdditionalWorkflowTests.test_public_workpapers_omit_internal_memos) ... ok
test_qa_acquisition_prior_period_and_invalid_asset_adjustment (test_additional_workflows.AdditionalWorkflowTests.test_qa_acquisition_prior_period_and_invalid_asset_adjustment) ... ok
test_qa_award_current_period_opening_and_invalid_quantities (test_additional_workflows.AdditionalWorkflowTests.test_qa_award_current_period_opening_and_invalid_quantities) ... ok
test_qa_carried_receivable_and_accumulated_cta (test_additional_workflows.AdditionalWorkflowTests.test_qa_carried_receivable_and_accumulated_cta) ... ok
test_qa_cross_category_statement_line_collision (test_additional_workflows.AdditionalWorkflowTests.test_qa_cross_category_statement_line_collision) ... ok
test_qa_indefinite_asset_cannot_use_asc360_screen (test_additional_workflows.AdditionalWorkflowTests.test_qa_indefinite_asset_cannot_use_asc360_screen) ... ok
test_qa_unit_reversal_is_proportional_with_caps (test_additional_workflows.AdditionalWorkflowTests.test_qa_unit_reversal_is_proportional_with_caps) ... ok
test_reversal_ceiling_and_no_goodwill_reversal (test_additional_workflows.AdditionalWorkflowTests.test_reversal_ceiling_and_no_goodwill_reversal) ... ok
test_reversal_individual_recoverable_cap_and_zero_carrying (test_additional_workflows.AdditionalWorkflowTests.test_reversal_individual_recoverable_cap_and_zero_carrying) ... ok
test_saved_twenty_examples_and_cli_public_exports (test_additional_workflows.AdditionalWorkflowTests.test_saved_twenty_examples_and_cli_public_exports) ... ok
test_statements_cash_classification_framework_forks (test_additional_workflows.AdditionalWorkflowTests.test_statements_cash_classification_framework_forks) ... ok
test_statements_disclosure_completeness_and_uk_gates (test_additional_workflows.AdditionalWorkflowTests.test_statements_disclosure_completeness_and_uk_gates) ... ok
test_statements_independent_bridges_not_only_tb (test_additional_workflows.AdditionalWorkflowTests.test_statements_independent_bridges_not_only_tb) ... ok
test_tax_is_blocked_not_false_production (test_additional_workflows.AdditionalWorkflowTests.test_tax_is_blocked_not_false_production) ... ok
test_translation_presentation_currency_mismatch (test_additional_workflows.AdditionalWorkflowTests.test_translation_presentation_currency_mismatch) ... ok
test_twenty_framework_end_to_end (test_additional_workflows.AdditionalWorkflowTests.test_twenty_framework_end_to_end) ... ok
test_uk_goodwill_indicator_not_imported_annual_requirement (test_additional_workflows.AdditionalWorkflowTests.test_uk_goodwill_indicator_not_imported_annual_requirement) ... ok
test_aasb_tier2_blocks (test_agriculture.Agriculture.test_aasb_tier2_blocks) ... ok
test_birth_purchase_conflict (test_agriculture.Agriculture.test_birth_purchase_conflict) ... ok
test_closing_physical_missing (test_agriculture.Agriculture.test_closing_physical_missing) ... ok
test_control_unresolved (test_agriculture.Agriculture.test_control_unresolved) ... ok
test_control_wrong_entity (test_agriculture.Agriculture.test_control_wrong_entity) ... ok
test_costs_exceed_fv (test_agriculture.Agriculture.test_costs_exceed_fv) ... ok
test_costs_to_sell_wrong_net (test_agriculture.Agriculture.test_costs_to_sell_wrong_net) ... ok
test_disclosure_incomplete (test_agriculture.Agriculture.test_disclosure_incomplete) ... ok
test_disclosure_missing (test_agriculture.Agriculture.test_disclosure_missing) ... ok
test_duplicate_harvest (test_agriculture.Agriculture.test_duplicate_harvest) ... ok
test_duplicate_physical_alias (test_agriculture.Agriculture.test_duplicate_physical_alias) ... ok
test_early_presentation_blocks (test_agriculture.Agriculture.test_early_presentation_blocks) ... ok
test_fv_owner_contradiction (test_agriculture.Agriculture.test_fv_owner_contradiction) ... ok
test_fv_quantity_conflict (test_agriculture.Agriculture.test_fv_quantity_conflict) ... ok
test_fx_dependency_blocks (test_agriculture.Agriculture.test_fx_dependency_blocks) ... ok
test_generated_examples_reproduce (test_agriculture.Agriculture.test_generated_examples_reproduce) ... ok
test_gl_currency_blocks (test_agriculture.Agriculture.test_gl_currency_blocks) ... ok
test_grants_dependency_blocks (test_agriculture.Agriculture.test_grants_dependency_blocks) ... ok
test_harvest_quantity_conflict (test_agriculture.Agriculture.test_harvest_quantity_conflict) ... ok
test_harvest_remains_living (test_agriculture.Agriculture.test_harvest_remains_living) ... ok
test_harvest_value_conflict (test_agriculture.Agriculture.test_harvest_value_conflict) ... ok
test_ifrs_bearer_ppe (test_agriculture.Agriculture.test_ifrs_bearer_ppe) ... ok
test_initial_date_wrong (test_agriculture.Agriculture.test_initial_date_wrong) ... ok
test_inventory_route (test_agriculture.Agriculture.test_inventory_route) ... ok
test_malformed_inputs (test_agriculture.Agriculture.test_malformed_inputs) ... ok
test_missing_applied_decision (test_agriculture.Agriculture.test_missing_applied_decision) ... ok
test_missing_document (test_agriculture.Agriculture.test_missing_document) ... ok
test_missing_knowledge_claim_blocks (test_agriculture.Agriculture.test_missing_knowledge_claim_blocks) ... ok
test_missing_original_row (test_agriculture.Agriculture.test_missing_original_row) ... ok
test_missing_review_partial (test_agriculture.Agriculture.test_missing_review_partial) ... ok
test_nonagricultural (test_agriculture.Agriculture.test_nonagricultural) ... ok
test_nonliving (test_agriculture.Agriculture.test_nonliving) ... ok
test_oci_gain_blocks (test_agriculture.Agriculture.test_oci_gain_blocks) ... ok
test_opening_carrying_gl_conflict (test_agriculture.Agriculture.test_opening_carrying_gl_conflict) ... ok
test_partial_harvest_blocks (test_agriculture.Agriculture.test_partial_harvest_blocks) ... ok
test_period_outside_2026 (test_agriculture.Agriculture.test_period_outside_2026) ... ok
test_postharvest_flag_blocks (test_agriculture.Agriculture.test_postharvest_flag_blocks) ... ok
test_ppe_route (test_agriculture.Agriculture.test_ppe_route) ... ok
test_price_physical_unsupported (test_agriculture.Agriculture.test_price_physical_unsupported) ... ok
test_probable_benefits_missing (test_agriculture.Agriculture.test_probable_benefits_missing) ... ok
test_public_routes_hide_internal_evidence (test_agriculture.Agriculture.test_public_routes_hide_internal_evidence) ... ok
test_purchase_counted_as_opening (test_agriculture.Agriculture.test_purchase_counted_as_opening) ... ok
test_reverse_gain_sign_blocks (test_agriculture.Agriculture.test_reverse_gain_sign_blocks) ... ok
test_source_currency_blocks (test_agriculture.Agriculture.test_source_currency_blocks) ... ok
test_stale_case_partial (test_agriculture.Agriculture.test_stale_case_partial) ... ok
test_stale_implementation_partial (test_agriculture.Agriculture.test_stale_implementation_partial) ... ok
test_stale_knowledge_blocks (test_agriculture.Agriculture.test_stale_knowledge_blocks) ... ok
test_stale_market (test_agriculture.Agriculture.test_stale_market) ... ok
test_stale_release_review (test_agriculture.Agriculture.test_stale_release_review) ... ok
test_stale_source_hash (test_agriculture.Agriculture.test_stale_source_hash) ... ok
test_stale_valuation (test_agriculture.Agriculture.test_stale_valuation) ... ok
test_supported_frameworks (test_agriculture.Agriculture.test_supported_frameworks) ... ok
test_uk_cost_not_copied (test_agriculture.Agriculture.test_uk_cost_not_copied) ... ok
test_uk_separate_produce_blocks (test_agriculture.Agriculture.test_uk_separate_produce_blocks) ... ok
test_unsupported_valuation (test_agriculture.Agriculture.test_unsupported_valuation) ... ok
test_us_gaap_no_ifrs_model (test_agriculture.Agriculture.test_us_gaap_no_ifrs_model) ... ok
test_wrong_opening_quantity (test_agriculture.Agriculture.test_wrong_opening_quantity) ... ok
test_wrong_report_basis (test_agriculture.Agriculture.test_wrong_report_basis) ... ok
test_actual_debt_owners (test_derivatives_hedge.HedgeAuthoredTests.test_actual_debt_owners) ... ok
test_actual_net_investment_owners (test_derivatives_hedge.HedgeAuthoredTests.test_actual_net_investment_owners) ... ok
test_basis_frameworks (test_derivatives_hedge.HedgeAuthoredTests.test_basis_frameworks) ... ok
test_cancelled_forecasts (test_derivatives_hedge.HedgeAuthoredTests.test_cancelled_forecasts) ... ok
test_cashflow_frameworks (test_derivatives_hedge.HedgeAuthoredTests.test_cashflow_frameworks) ... ok
test_credit_dominance (test_derivatives_hedge.HedgeAuthoredTests.test_credit_dominance) ... ok
test_disclosure_fails (test_derivatives_hedge.HedgeAuthoredTests.test_disclosure_fails) ... ok
test_document_tamper (test_derivatives_hedge.HedgeAuthoredTests.test_document_tamper) ... ok
test_duplicate_valuation (test_derivatives_hedge.HedgeAuthoredTests.test_duplicate_valuation) ... ok
test_excluded_component (test_derivatives_hedge.HedgeAuthoredTests.test_excluded_component) ... ok
test_gl_fails (test_derivatives_hedge.HedgeAuthoredTests.test_gl_fails) ... ok
test_ias39_block (test_derivatives_hedge.HedgeAuthoredTests.test_ias39_block) ... ok
test_ifrs_wrong_effectiveness (test_derivatives_hedge.HedgeAuthoredTests.test_ifrs_wrong_effectiveness) ... ok
test_intragroup (test_derivatives_hedge.HedgeAuthoredTests.test_intragroup) ... ok
test_late_documentation (test_derivatives_hedge.HedgeAuthoredTests.test_late_documentation) ... ok
test_non_derivative_contract (test_derivatives_hedge.HedgeAuthoredTests.test_non_derivative_contract) ... ok
test_options_block (test_derivatives_hedge.HedgeAuthoredTests.test_options_block) ... ok
test_pending_discontinued_retains_reserve (test_derivatives_hedge.HedgeAuthoredTests.test_pending_discontinued_retains_reserve) ... ok
test_probability_lost_still_expected_retains (test_derivatives_hedge.HedgeAuthoredTests.test_probability_lost_still_expected_retains) ... ok
test_ratio_manipulated (test_derivatives_hedge.HedgeAuthoredTests.test_ratio_manipulated) ... ok
test_realistic_scenario_workpapers (test_derivatives_hedge.HedgeAuthoredTests.test_realistic_scenario_workpapers) ... ok
test_rebalancing_preserves_history (test_derivatives_hedge.HedgeAuthoredTests.test_rebalancing_preserves_history) ... ok
test_scope_exception_requires_rights (test_derivatives_hedge.HedgeAuthoredTests.test_scope_exception_requires_rights) ... ok
test_sign_bridge (test_derivatives_hedge.HedgeAuthoredTests.test_sign_bridge) ... ok
test_standalone_frameworks (test_derivatives_hedge.HedgeAuthoredTests.test_standalone_frameworks) ... ok
test_us_amendment_block (test_derivatives_hedge.HedgeAuthoredTests.test_us_amendment_block) ... ok
test_us_wrong_effectiveness (test_derivatives_hedge.HedgeAuthoredTests.test_us_wrong_effectiveness) ... ok
test_valuation_stale (test_derivatives_hedge.HedgeAuthoredTests.test_valuation_stale) ... ok
test_valuation_wrong_currency (test_derivatives_hedge.HedgeAuthoredTests.test_valuation_wrong_currency) ... ok
test_wrong_entity (test_derivatives_hedge.HedgeAuthoredTests.test_wrong_entity) ... ok
test_wrong_notional (test_derivatives_hedge.HedgeAuthoredTests.test_wrong_notional) ... ok
test_all_public_routes_privacy (test_final_batch.FinalBatch.test_all_public_routes_privacy) ... ok
test_controls_automated_missing_dependency (test_final_batch.FinalBatch.test_controls_automated_missing_dependency) ... ok
test_controls_false_effectiveness (test_final_batch.FinalBatch.test_controls_false_effectiveness) ... ok
test_controls_invalid_expectation_date (test_final_batch.FinalBatch.test_controls_invalid_expectation_date) ... ok
test_controls_late_expectation (test_final_batch.FinalBatch.test_controls_late_expectation) ... ok
test_controls_sod_partial (test_final_batch.FinalBatch.test_controls_sod_partial) ... ok
test_controls_stale_rcm (test_final_batch.FinalBatch.test_controls_stale_rcm) ... ok
test_controls_uncovered_risk_partial (test_final_batch.FinalBatch.test_controls_uncovered_risk_partial) ... ok
test_controls_unsupported_frequency (test_final_batch.FinalBatch.test_controls_unsupported_frequency) ... ok
test_db_accounting_bridge (test_final_batch.FinalBatch.test_db_accounting_bridge) ... ok
test_db_annual_scope (test_final_batch.FinalBatch.test_db_annual_scope) ... ok
test_db_bad_asset_rollforward (test_final_batch.FinalBatch.test_db_bad_asset_rollforward) ... ok
test_db_bad_obligation_rollforward (test_final_batch.FinalBatch.test_db_bad_obligation_rollforward) ... ok
test_db_benefits_doublecount (test_final_batch.FinalBatch.test_db_benefits_doublecount) ... ok
test_db_dc_not_specialist_db (test_final_batch.FinalBatch.test_db_dc_not_specialist_db) ... ok
test_db_excluded_amendment (test_final_batch.FinalBatch.test_db_excluded_amendment) ... ok
test_db_excluded_asset_ceiling_issue (test_final_batch.FinalBatch.test_db_excluded_asset_ceiling_issue) ... ok
test_db_excluded_assumption_selection_requested (test_final_batch.FinalBatch.test_db_excluded_assumption_selection_requested) ... ok
test_db_excluded_contributions_already_expensed (test_final_batch.FinalBatch.test_db_excluded_contributions_already_expensed) ... ok
test_db_excluded_curtailment (test_final_batch.FinalBatch.test_db_excluded_curtailment) ... ok
test_db_excluded_fx (test_final_batch.FinalBatch.test_db_excluded_fx) ... ok
test_db_excluded_minimum_funding (test_final_batch.FinalBatch.test_db_excluded_minimum_funding) ... ok
test_db_excluded_settlement (test_final_batch.FinalBatch.test_db_excluded_settlement) ... ok
test_db_future_signoff (test_final_batch.FinalBatch.test_db_future_signoff) ... ok
test_db_missing_assumptions (test_final_batch.FinalBatch.test_db_missing_assumptions) ... ok
test_db_multemployer_blocked (test_final_batch.FinalBatch.test_db_multemployer_blocked) ... ok
test_db_opening_gl_expense_not_zero (test_final_batch.FinalBatch.test_db_opening_gl_expense_not_zero) ... ok
test_db_other_postemployment_bounded_workpaper (test_final_batch.FinalBatch.test_db_other_postemployment_bounded_workpaper) ... ok
test_db_qualified_feature_conflict (test_final_batch.FinalBatch.test_db_qualified_feature_conflict) ... ok
test_db_source_statement_conflict (test_final_batch.FinalBatch.test_db_source_statement_conflict) ... ok
test_db_workpaper_not_journal_engine (test_final_batch.FinalBatch.test_db_workpaper_not_journal_engine) ... ok
test_db_wrong_measurement_date (test_final_batch.FinalBatch.test_db_wrong_measurement_date) ... ok
test_db_wrong_rate (test_final_batch.FinalBatch.test_db_wrong_rate) ... ok
test_generated_artifacts_current (test_final_batch.FinalBatch.test_generated_artifacts_current) ... ok
test_golden_framework_contexts (test_final_batch.FinalBatch.test_golden_framework_contexts) ... ok
test_implementation_stale (test_final_batch.FinalBatch.test_implementation_stale) ... ok
test_knowledge_stale (test_final_batch.FinalBatch.test_knowledge_stale) ... ok
test_malformed_inputs_fail_closed (test_final_batch.FinalBatch.test_malformed_inputs_fail_closed) ... ok
test_model_automation_control_bypass (test_final_batch.FinalBatch.test_model_automation_control_bypass) ... ok
test_model_classifications_distinct (test_final_batch.FinalBatch.test_model_classifications_distinct) ... ok
test_model_dependency_gap_partial (test_final_batch.FinalBatch.test_model_dependency_gap_partial) ... ok
test_model_duplicate_physical_person (test_final_batch.FinalBatch.test_model_duplicate_physical_person) ... ok
test_model_ipo_score_blocked (test_final_batch.FinalBatch.test_model_ipo_score_blocked) ... ok
test_model_missing_process_owner (test_final_batch.FinalBatch.test_model_missing_process_owner) ... ok
test_model_sla_unqualified (test_final_batch.FinalBatch.test_model_sla_unqualified) ... ok
test_model_unsupported_headcount (test_final_batch.FinalBatch.test_model_unsupported_headcount) ... ok
test_original_population_contradiction (test_final_batch.FinalBatch.test_original_population_contradiction) ... ok
test_practice_has_no_journals_or_fake_claims (test_final_batch.FinalBatch.test_practice_has_no_journals_or_fake_claims) ... ok
test_scope_audit_opinion (test_final_batch.FinalBatch.test_scope_audit_opinion) ... ok
test_scope_benchmark_requested (test_final_batch.FinalBatch.test_scope_benchmark_requested) ... ok
test_scope_budgeting (test_final_batch.FinalBatch.test_scope_budgeting) ... ok
test_scope_external_write (test_final_batch.FinalBatch.test_scope_external_write) ... ok
test_scope_forecasting (test_final_batch.FinalBatch.test_scope_forecasting) ... ok
test_scope_ipo_timing_prediction (test_final_batch.FinalBatch.test_scope_ipo_timing_prediction) ... ok
test_scope_legal_certification (test_final_batch.FinalBatch.test_scope_legal_certification) ... ok
test_scope_manufactured_explanations (test_final_batch.FinalBatch.test_scope_manufactured_explanations) ... ok
test_scope_regulatory_compliance (test_final_batch.FinalBatch.test_scope_regulatory_compliance) ... ok
test_systems_access_self_approval (test_final_batch.FinalBatch.test_systems_access_self_approval) ... ok
test_systems_hidden_override (test_final_batch.FinalBatch.test_systems_hidden_override) ... ok
test_systems_missing_target_access (test_final_batch.FinalBatch.test_systems_missing_target_access) ... ok
test_systems_nonzero_threshold (test_final_batch.FinalBatch.test_systems_nonzero_threshold) ... ok
test_systems_opening_migration_mismatch (test_final_batch.FinalBatch.test_systems_opening_migration_mismatch) ... ok
test_systems_statement_conflict (test_final_batch.FinalBatch.test_systems_statement_conflict) ... ok
test_systems_unlisted_entity (test_final_batch.FinalBatch.test_systems_unlisted_entity) ... ok
test_systems_unmapped_account (test_final_batch.FinalBatch.test_systems_unmapped_account) ... ok
test_unsigned_partial_and_case_stale (test_final_batch.FinalBatch.test_unsigned_partial_and_case_stale) ... ok
test_archived_four_framework_examples (test_financing_workflows.FinancingControls.test_archived_four_framework_examples) ... ok
test_case_immutable (test_financing_workflows.FinancingControls.test_case_immutable) ... ok
test_completed_underlying_JSON_roundtrip (test_financing_workflows.FinancingControls.test_completed_underlying_JSON_roundtrip) ... ok
test_credit_cannot_be_DTL_QA (test_financing_workflows.FinancingControls.test_credit_cannot_be_DTL_QA) ... ok
test_debt_current_maturity_QA (test_financing_workflows.FinancingControls.test_debt_current_maturity_QA) ... ok
test_debt_eir_not_contractually_supported (test_financing_workflows.FinancingControls.test_debt_eir_not_contractually_supported) ... ok
test_debt_fictitious_tail_QA (test_financing_workflows.FinancingControls.test_debt_fictitious_tail_QA) ... ok
test_debt_intra_interval_cash_omission_QA (test_financing_workflows.FinancingControls.test_debt_intra_interval_cash_omission_QA) ... ok
test_debt_maturity_omission (test_financing_workflows.FinancingControls.test_debt_maturity_omission) ... ok
test_debt_modification_block (test_financing_workflows.FinancingControls.test_debt_modification_block) ... ok
test_debt_nominal_not_eir (test_financing_workflows.FinancingControls.test_debt_nominal_not_eir) ... ok
test_debt_schedule_gap (test_financing_workflows.FinancingControls.test_debt_schedule_gap) ... ok
test_decimal_malformed_boundaries (test_financing_workflows.FinancingControls.test_decimal_malformed_boundaries) ... ok
test_disclosure_incomplete (test_financing_workflows.FinancingControls.test_disclosure_incomplete) ... ok
test_duplicate_source_ids (test_financing_workflows.FinancingControls.test_duplicate_source_ids) ... ok
test_entity_scope_mismatch (test_financing_workflows.FinancingControls.test_entity_scope_mismatch) ... ok
test_exception_recovery_contradiction (test_financing_workflows.FinancingControls.test_exception_recovery_contradiction) ... ok
test_four_framework_complete (test_financing_workflows.FinancingControls.test_four_framework_complete) ... ok
test_framework_overlay_boundaries (test_financing_workflows.FinancingControls.test_framework_overlay_boundaries) ... ok
test_fv_altered_journal_offsets (test_financing_workflows.FinancingControls.test_fv_altered_journal_offsets) ... ok
test_fv_duplicate_underlying_result (test_financing_workflows.FinancingControls.test_fv_duplicate_underlying_result) ... ok
test_fv_extra_journal_metadata_never_public_QA (test_financing_workflows.FinancingControls.test_fv_extra_journal_metadata_never_public_QA) ... ok
test_fv_lowest_significant_level (test_financing_workflows.FinancingControls.test_fv_lowest_significant_level) ... ok
test_fv_nested_account_metadata (test_financing_workflows.FinancingControls.test_fv_nested_account_metadata) ... ok
test_fv_pre2026_uk (test_financing_workflows.FinancingControls.test_fv_pre2026_uk) ... ok
test_fv_specialist_levels (test_financing_workflows.FinancingControls.test_fv_specialist_levels) ... ok
test_fv_stale_date (test_financing_workflows.FinancingControls.test_fv_stale_date) ... ok
test_fv_stale_underlying_certification (test_financing_workflows.FinancingControls.test_fv_stale_underlying_certification) ... ok
test_fv_transaction_cost_excluded (test_financing_workflows.FinancingControls.test_fv_transaction_cost_excluded) ... ok
test_fv_uncertified_underlying (test_financing_workflows.FinancingControls.test_fv_uncertified_underlying) ... ok
test_fv_underlying_result_entity_mismatch (test_financing_workflows.FinancingControls.test_fv_underlying_result_entity_mismatch) ... ok
test_fv_underlying_result_partial (test_financing_workflows.FinancingControls.test_fv_underlying_result_partial) ... ok
test_fv_underlying_zero_quote (test_financing_workflows.FinancingControls.test_fv_underlying_zero_quote) ... ok
test_gl_offset_omission (test_financing_workflows.FinancingControls.test_gl_offset_omission) ... ok
test_immutable_map_actual_registers (test_financing_workflows.FinancingControls.test_immutable_map_actual_registers) ... ok
test_implementation_fingerprint_change (test_financing_workflows.FinancingControls.test_implementation_fingerprint_change) ... ok
test_imports_evidence_only_exact_once (test_financing_workflows.FinancingControls.test_imports_evidence_only_exact_once) ... ok
test_intangible_development_pre_gate_cost (test_financing_workflows.FinancingControls.test_intangible_development_pre_gate_cost) ... ok
test_intangible_disposal_cutoff_QA (test_financing_workflows.FinancingControls.test_intangible_disposal_cutoff_QA) ... ok
test_intangible_disposal_gain (test_financing_workflows.FinancingControls.test_intangible_disposal_gain) ... ok
test_intangible_excess_fraction (test_financing_workflows.FinancingControls.test_intangible_excess_fraction) ... ok
test_intangible_indefinite_routes (test_financing_workflows.FinancingControls.test_intangible_indefinite_routes) ... ok
test_intangible_preavailable (test_financing_workflows.FinancingControls.test_intangible_preavailable) ... ok
test_intangible_purchase_chronology_QA (test_financing_workflows.FinancingControls.test_intangible_purchase_chronology_QA) ... ok
test_intangible_quarter_QA (test_financing_workflows.FinancingControls.test_intangible_quarter_QA) ... ok
test_intangible_short_life_floor_QA (test_financing_workflows.FinancingControls.test_intangible_short_life_floor_QA) ... ok
test_intangible_uk_indefinite (test_financing_workflows.FinancingControls.test_intangible_uk_indefinite) ... ok
test_intangible_unreliable_uk_life (test_financing_workflows.FinancingControls.test_intangible_unreliable_uk_life) ... ok
test_intangible_us_development_not_IFRS (test_financing_workflows.FinancingControls.test_intangible_us_development_not_IFRS) ... ok
test_intangible_zero_amortization_QA (test_financing_workflows.FinancingControls.test_intangible_zero_amortization_QA) ... ok
test_inventory_all_frameworks_blocked (test_financing_workflows.FinancingControls.test_inventory_all_frameworks_blocked) ... ok
test_inventory_fabricated_approval_no_bypass (test_financing_workflows.FinancingControls.test_inventory_fabricated_approval_no_bypass) ... ok
test_journals_balanced (test_financing_workflows.FinancingControls.test_journals_balanced) ... ok
test_knowledge_hash_change (test_financing_workflows.FinancingControls.test_knowledge_hash_change) ... ok
test_linked_only_termination_requires_specialist_adapter_QA (test_financing_workflows.FinancingControls.test_linked_only_termination_requires_specialist_adapter_QA) ... ok
test_malformed (test_financing_workflows.FinancingControls.test_malformed) ... ok
test_missing_preparer_cannot_prove_independence (test_financing_workflows.FinancingControls.test_missing_preparer_cannot_prove_independence) ... ok
test_missing_source_evidence (test_financing_workflows.FinancingControls.test_missing_source_evidence) ... ok
test_numerical_results (test_financing_workflows.FinancingControls.test_numerical_results) ... ok
test_opening_stock_GL_QA (test_financing_workflows.FinancingControls.test_opening_stock_GL_QA) ... ok
test_payroll_actuarial_block (test_financing_workflows.FinancingControls.test_payroll_actuarial_block) ... ok
test_payroll_bonus_current_vs_cumulative (test_financing_workflows.FinancingControls.test_payroll_bonus_current_vs_cumulative) ... ok
test_payroll_future_payment_and_service (test_financing_workflows.FinancingControls.test_payroll_future_payment_and_service) ... ok
test_payroll_long_term_settlement (test_financing_workflows.FinancingControls.test_payroll_long_term_settlement) ... ok
test_payroll_nonaccumulating_leave (test_financing_workflows.FinancingControls.test_payroll_nonaccumulating_leave) ... ok
test_payroll_other_supported_benefits (test_financing_workflows.FinancingControls.test_payroll_other_supported_benefits) ... ok
test_payroll_pre_service_settlement_QA (test_financing_workflows.FinancingControls.test_payroll_pre_service_settlement_QA) ... ok
test_payroll_termination_framework_routes (test_financing_workflows.FinancingControls.test_payroll_termination_framework_routes) ... ok
test_payroll_unearned_payment_prefix (test_financing_workflows.FinancingControls.test_payroll_unearned_payment_prefix) ... ok
test_payroll_withholding_not_extra_cost (test_financing_workflows.FinancingControls.test_payroll_withholding_not_extra_cost) ... ok
test_payroll_withholding_opening_and_remittance (test_financing_workflows.FinancingControls.test_payroll_withholding_opening_and_remittance) ... ok
test_period_mismatch (test_financing_workflows.FinancingControls.test_period_mismatch) ... ok
test_policy_framework_mismatch (test_financing_workflows.FinancingControls.test_policy_framework_mismatch) ... ok
test_population_amount (test_financing_workflows.FinancingControls.test_population_amount) ... ok
test_population_omission (test_financing_workflows.FinancingControls.test_population_omission) ... ok
test_privacy_all_routes (test_financing_workflows.FinancingControls.test_privacy_all_routes) ... ok
test_public_CLI_four_framework_roundtrip (test_financing_workflows.FinancingControls.test_public_CLI_four_framework_roundtrip) ... ok
test_reviewer_independence (test_financing_workflows.FinancingControls.test_reviewer_independence) ... ok
test_source_entity_mismatch (test_financing_workflows.FinancingControls.test_source_entity_mismatch) ... ok
test_source_framework_mismatch (test_financing_workflows.FinancingControls.test_source_framework_mismatch) ... ok
test_source_period_mismatch (test_financing_workflows.FinancingControls.test_source_period_mismatch) ... ok
test_stale_approval (test_financing_workflows.FinancingControls.test_stale_approval) ... ok
test_stale_certification (test_financing_workflows.FinancingControls.test_stale_certification) ... ok
test_statement_tie (test_financing_workflows.FinancingControls.test_statement_tie) ... ok
test_tax_credit_not_multiplied_by_rate (test_financing_workflows.FinancingControls.test_tax_credit_not_multiplied_by_rate) ... ok
test_tax_evidence_preserved (test_financing_workflows.FinancingControls.test_tax_evidence_preserved) ... ok
test_tax_offset_without_right (test_financing_workflows.FinancingControls.test_tax_offset_without_right) ... ok
test_tax_omitted_decision_area (test_financing_workflows.FinancingControls.test_tax_omitted_decision_area) ... ok
test_tax_prepayment_specialist (test_financing_workflows.FinancingControls.test_tax_prepayment_specialist) ... ok
test_tax_rate_change_is_movement (test_financing_workflows.FinancingControls.test_tax_rate_change_is_movement) ... ok
test_tax_recovery_boundary (test_financing_workflows.FinancingControls.test_tax_recovery_boundary) ... ok
test_tax_sign_error (test_financing_workflows.FinancingControls.test_tax_sign_error) ... ok
test_tax_us_allowance_vs_probable_asset (test_financing_workflows.FinancingControls.test_tax_us_allowance_vs_probable_asset) ... ok
test_tax_us_enactment (test_financing_workflows.FinancingControls.test_tax_us_enactment) ... ok
test_tax_wrong_uk_model (test_financing_workflows.FinancingControls.test_tax_wrong_uk_model) ... ok
test_unsigned_partial (test_financing_workflows.FinancingControls.test_unsigned_partial) ... ok
test_withholding_cannot_settle_future_deductions_QA (test_financing_workflows.FinancingControls.test_withholding_cannot_settle_future_deductions_QA) ... ok
test_zero_activity (test_financing_workflows.FinancingControls.test_zero_activity) ... ok
test_canonical_approved_retrieval (test_four_core_skills.FourSkillTests.test_canonical_approved_retrieval) ... ok
test_consolidation_matched_elimination (test_four_core_skills.FourSkillTests.test_consolidation_matched_elimination) ... ok
test_consolidation_unmatched_blocks (test_four_core_skills.FourSkillTests.test_consolidation_unmatched_blocks) ... ok
test_ecl_us_staging_rejected (test_four_core_skills.FourSkillTests.test_ecl_us_staging_rejected) ... ok
test_ecl_weighted_and_reversal (test_four_core_skills.FourSkillTests.test_ecl_weighted_and_reversal) ... ok
test_provision_expected_value (test_four_core_skills.FourSkillTests.test_provision_expected_value) ... ok
test_provision_us_discount_gate (test_four_core_skills.FourSkillTests.test_provision_us_discount_gate) ... ok
test_revenue_allocation (test_four_core_skills.FourSkillTests.test_revenue_allocation) ... ok
test_revenue_run (test_four_core_skills.FourSkillTests.test_revenue_run) ... ok
test_revenue_unresolved_blocks (test_four_core_skills.FourSkillTests.test_revenue_unresolved_blocks) ... ok
test_actual_statement_dependency_and_audit_accounting_query (test_governance_workflows.GovernanceLifecycleTests.test_actual_statement_dependency_and_audit_accounting_query) ... ok
test_retained_two_version_policy_history (test_governance_workflows.GovernanceLifecycleTests.test_retained_two_version_policy_history) ... ok
test_unavailable_auditor_sample_retained_partial (test_governance_workflows.GovernanceLifecycleTests.test_unavailable_auditor_sample_retained_partial) ... ok
test_zero_netting_preserves_gross_account_movements (test_governance_workflows.GovernanceLifecycleTests.test_zero_netting_preserves_gross_account_movements) ... ok
test_docs_only_no_fabricated_claims (test_governance_workflows.GovernanceTests.test_docs_only_no_fabricated_claims) ... ok
test_forbidden_actions_and_claims (test_governance_workflows.GovernanceTests.test_forbidden_actions_and_claims) ... ok
test_four_framework_positive_no_journals (test_governance_workflows.GovernanceTests.test_four_framework_positive_no_journals) ... ok
test_malformed_evidence_and_approvals (test_governance_workflows.GovernanceTests.test_malformed_evidence_and_approvals) ... ok
test_malformed_source_populations (test_governance_workflows.GovernanceTests.test_malformed_source_populations) ... ok
test_missing_stale_case_certification (test_governance_workflows.GovernanceTests.test_missing_stale_case_certification) ... ok
test_owner_import_contradictions_and_posting (test_governance_workflows.GovernanceTests.test_owner_import_contradictions_and_posting) ... ok
test_privacy_all_routes_and_statuses (test_governance_workflows.GovernanceTests.test_privacy_all_routes_and_statuses) ... ok
test_saved_examples_current_and_generator_exact (test_governance_workflows.GovernanceTests.test_saved_examples_current_and_generator_exact) ... ok
test_source_population_and_release_approvals (test_governance_workflows.GovernanceTests.test_source_population_and_release_approvals) ... ok
test_stale_frozen_knowledge (test_governance_workflows.GovernanceTests.test_stale_frozen_knowledge) ... ok
test_stale_implementation (test_governance_workflows.GovernanceTests.test_stale_implementation) ... ok
test_unresolved_workpaper_is_partial (test_governance_workflows.GovernanceTests.test_unresolved_workpaper_is_partial) ... ok
test_adjustment_not_repeated_in_purchase_components (test_hedge_inventory_integration.HedgeInventoryIntegration.test_adjustment_not_repeated_in_purchase_components) ... ok
test_current_completed_handoff_three_frameworks (test_hedge_inventory_integration.HedgeInventoryIntegration.test_current_completed_handoff_three_frameworks) ... ok
test_duplicate_handoff (test_hedge_inventory_integration.HedgeInventoryIntegration.test_duplicate_handoff) ... ok
test_generated_handoffs_reproduce (test_hedge_inventory_integration.HedgeInventoryIntegration.test_generated_handoffs_reproduce) ... ok
test_missing_retained_effect (test_hedge_inventory_integration.HedgeInventoryIntegration.test_missing_retained_effect) ... ok
test_repeated_retained_journal (test_hedge_inventory_integration.HedgeInventoryIntegration.test_repeated_retained_journal) ... ok
test_wrong_gross_receipt_cost (test_hedge_inventory_integration.HedgeInventoryIntegration.test_wrong_gross_receipt_cost) ... ok
test_wrong_owner_entity_currency_and_stale_result (test_hedge_inventory_integration.HedgeInventoryIntegration.test_wrong_owner_entity_currency_and_stale_result) ... ok
test_wrong_sku_receipt_and_period (test_hedge_inventory_integration.HedgeInventoryIntegration.test_wrong_sku_receipt_and_period) ... ok
test_balanced_fresh_reporting_plug_rejected_by_production_handoff (test_hedge_reporting_integration.HedgeReportingIntegration.test_balanced_fresh_reporting_plug_rejected_by_production_handoff) ... ok
test_current_actual_reporting_owner_exact_four_frameworks (test_hedge_reporting_integration.HedgeReportingIntegration.test_current_actual_reporting_owner_exact_four_frameworks) ... ok
test_duplicate_closed_reserve_posting_rejected (test_hedge_reporting_integration.HedgeReportingIntegration.test_duplicate_closed_reserve_posting_rejected) ... ok
test_duplicate_reporting_mapping_rejected (test_hedge_reporting_integration.HedgeReportingIntegration.test_duplicate_reporting_mapping_rejected) ... ok
test_duplicate_source_owner_rejected (test_hedge_reporting_integration.HedgeReportingIntegration.test_duplicate_source_owner_rejected) ... ok
test_fabricated_result_rejected (test_hedge_reporting_integration.HedgeReportingIntegration.test_fabricated_result_rejected) ... ok
test_financial_instruments_host_classification_and_ecl_remain_owner (test_hedge_reporting_integration.HedgeReportingIntegration.test_financial_instruments_host_classification_and_ecl_remain_owner) ... ok
test_financial_instruments_result_cannot_be_rewritten_by_hedge (test_hedge_reporting_integration.HedgeReportingIntegration.test_financial_instruments_result_cannot_be_rewritten_by_hedge) ... ok
test_reporting_derivative_mismatch_rejected (test_hedge_reporting_integration.HedgeReportingIntegration.test_reporting_derivative_mismatch_rejected) ... ok
test_reporting_note_tie_rejects_wrong_reserve (test_hedge_reporting_integration.HedgeReportingIntegration.test_reporting_note_tie_rejects_wrong_reserve) ... ok
test_reporting_oci_mismatch_rejected (test_hedge_reporting_integration.HedgeReportingIntegration.test_reporting_oci_mismatch_rejected) ... ok
test_reporting_pnl_mismatch_rejected (test_hedge_reporting_integration.HedgeReportingIntegration.test_reporting_pnl_mismatch_rejected) ... ok
test_source_mapping_wrong_economic_item_rejected (test_hedge_reporting_integration.HedgeReportingIntegration.test_source_mapping_wrong_economic_item_rejected) ... ok
test_unauthorized_owner_result_cannot_bypass_reexecution (test_hedge_reporting_integration.HedgeReportingIntegration.test_unauthorized_owner_result_cannot_bypass_reexecution) ... ok
test_birth_as_opening_double_count (test_independent_agriculture.IndependentAgriculture.test_birth_as_opening_double_count) ... ok
test_dependencies_and_owner_contradictions (test_independent_agriculture.IndependentAgriculture.test_dependencies_and_owner_contradictions) ... ok
test_disclosure_population_complete_and_current (test_independent_agriculture.IndependentAgriculture.test_disclosure_population_complete_and_current) ... ok
test_duplicate_purchase_physical_alias (test_independent_agriculture.IndependentAgriculture.test_duplicate_purchase_physical_alias) ... ok
test_framework_and_period_contamination (test_independent_agriculture.IndependentAgriculture.test_framework_and_period_contamination) ... ok
test_gl_and_quantity_contradictions (test_independent_agriculture.IndependentAgriculture.test_gl_and_quantity_contradictions) ... ok
test_harvest_not_double_counted_or_downstream_costed (test_independent_agriculture.IndependentAgriculture.test_harvest_not_double_counted_or_downstream_costed) ... ok
test_initial_recognition_date_cannot_be_harvest_date (test_independent_agriculture.IndependentAgriculture.test_initial_recognition_date_cannot_be_harvest_date) ... ok
test_inventory_ppe_and_unmanaged_source_classification (test_independent_agriculture.IndependentAgriculture.test_inventory_ppe_and_unmanaged_source_classification) ... ok
test_iqa01_birth_event_wrong_date (test_independent_agriculture.IndependentAgriculture.test_iqa01_birth_event_wrong_date) ... ok
test_iqa01_birth_event_wrong_identity (test_independent_agriculture.IndependentAgriculture.test_iqa01_birth_event_wrong_identity) ... ok
test_iqa01_birth_event_wrong_quantity (test_independent_agriculture.IndependentAgriculture.test_iqa01_birth_event_wrong_quantity) ... ok
test_iqa01_birth_missing_event_source (test_independent_agriculture.IndependentAgriculture.test_iqa01_birth_missing_event_source) ... ok
test_iqa02_excluded_costs_explicit_contradiction (test_independent_agriculture.IndependentAgriculture.test_iqa02_excluded_costs_explicit_contradiction) ... ok
test_iqa02_selling_cost_component_amount_and_exclusions (test_independent_agriculture.IndependentAgriculture.test_iqa02_selling_cost_component_amount_and_exclusions) ... ok
test_iqa03_empty_disclosure_support (test_independent_agriculture.IndependentAgriculture.test_iqa03_empty_disclosure_support) ... ok
test_iqa03_support_source_wrong_current_entity (test_independent_agriculture.IndependentAgriculture.test_iqa03_support_source_wrong_current_entity) ... ok
test_iqa04_produce_unit_public_leak (test_independent_agriculture.IndependentAgriculture.test_iqa04_produce_unit_public_leak) ... ok
test_iqa04_quantity_unit_public_leak (test_independent_agriculture.IndependentAgriculture.test_iqa04_quantity_unit_public_leak) ... ok
test_iqa05_explicit_superseded_edition (test_independent_agriculture.IndependentAgriculture.test_iqa05_explicit_superseded_edition) ... ok
test_iqa05_independent_edition_source_conflict (test_independent_agriculture.IndependentAgriculture.test_iqa05_independent_edition_source_conflict) ... ok
test_iqa06_class_policy_contradiction (test_independent_agriculture.IndependentAgriculture.test_iqa06_class_policy_contradiction) ... ok
test_iqa06_class_policy_missing_or_mixed (test_independent_agriculture.IndependentAgriculture.test_iqa06_class_policy_missing_or_mixed) ... ok
test_iqa07_actual_produce_value_cannot_be_ignored (test_independent_agriculture.IndependentAgriculture.test_iqa07_actual_produce_value_cannot_be_ignored) ... ok
test_iqa07_harvest_requires_distinct_produce_measurement (test_independent_agriculture.IndependentAgriculture.test_iqa07_harvest_requires_distinct_produce_measurement) ... ok
test_iqa07_positive_harvest_conversion_gain (test_independent_agriculture.IndependentAgriculture.test_iqa07_positive_harvest_conversion_gain) ... ok
test_iqa07_produce_source_missing_and_identity_collision (test_independent_agriculture.IndependentAgriculture.test_iqa07_produce_source_missing_and_identity_collision) ... ok
test_iqa07_produce_value_date_quantity_unit_origin (test_independent_agriculture.IndependentAgriculture.test_iqa07_produce_value_date_quantity_unit_origin) ... ok
test_iqa07_uk_unequal_harvest_conversion_fails_closed (test_independent_agriculture.IndependentAgriculture.test_iqa07_uk_unequal_harvest_conversion_fails_closed) ... ok
test_iqa07_valid_unequal_produce_biological_values (test_independent_agriculture.IndependentAgriculture.test_iqa07_valid_unequal_produce_biological_values) ... ok
test_iqa08_biological_bridge_separates_produce_conversion (test_independent_agriculture.IndependentAgriculture.test_iqa08_biological_bridge_separates_produce_conversion) ... ok
test_iqa08_disclosure_biological_bridge_not_total_produce_bridge (test_independent_agriculture.IndependentAgriculture.test_iqa08_disclosure_biological_bridge_not_total_produce_bridge) ... ok
test_malformed_nonfinite_float_and_boolean (test_independent_agriculture.IndependentAgriculture.test_malformed_nonfinite_float_and_boolean) ... ok
test_missing_source_records_and_documents (test_independent_agriculture.IndependentAgriculture.test_missing_source_records_and_documents) ... ok
test_multicurrency_and_units (test_independent_agriculture.IndependentAgriculture.test_multicurrency_and_units) ... ok
test_opening_and_closing_missing_source (test_independent_agriculture.IndependentAgriculture.test_opening_and_closing_missing_source) ... ok
test_public_internal_source_provenance_hidden_all_routes (test_independent_agriculture.IndependentAgriculture.test_public_internal_source_provenance_hidden_all_routes) ... ok
test_sales_recoveries_and_price_bridge_are_excluded (test_independent_agriculture.IndependentAgriculture.test_sales_recoveries_and_price_bridge_are_excluded) ... ok
test_sign_oci_equity_and_physical_split (test_independent_agriculture.IndependentAgriculture.test_sign_oci_equity_and_physical_split) ... ok
test_stale_case_and_implementation_certification (test_independent_agriculture.IndependentAgriculture.test_stale_case_and_implementation_certification) ... ok
test_stale_knowledge_document_hash (test_independent_agriculture.IndependentAgriculture.test_stale_knowledge_document_hash) ... ok
test_stale_knowledge_selected_claims_and_releases (test_independent_agriculture.IndependentAgriculture.test_stale_knowledge_selected_claims_and_releases) ... ok
test_stale_original_doc_hash_after_review (test_independent_agriculture.IndependentAgriculture.test_stale_original_doc_hash_after_review) ... ok
test_terminal_event_alias_distinct_register_ids (test_independent_agriculture.IndependentAgriculture.test_terminal_event_alias_distinct_register_ids) ... ok
test_terminal_quantity_and_closed_population (test_independent_agriculture.IndependentAgriculture.test_terminal_quantity_and_closed_population) ... ok
test_uk_cost_and_ifrs_bearer_plant_excluded (test_independent_agriculture.IndependentAgriculture.test_uk_cost_and_ifrs_bearer_plant_excluded) ... ok
test_uk_produce_separation_excluded (test_independent_agriculture.IndependentAgriculture.test_uk_produce_separation_excluded) ... ok
test_unsupported_valuation_and_legal_assertions (test_independent_agriculture.IndependentAgriculture.test_unsupported_valuation_and_legal_assertions) ... ok
test_us_models_are_not_invented (test_independent_agriculture.IndependentAgriculture.test_us_models_are_not_invented) ... ok
test_valid_birth_not_purchase_and_balanced (test_independent_agriculture.IndependentAgriculture.test_valid_birth_not_purchase_and_balanced) ... ok
test_valid_fresh_three_frameworks (test_independent_agriculture.IndependentAgriculture.test_valid_fresh_three_frameworks) ... ok
test_valid_ifrs_bearer_animal_not_ppe (test_independent_agriculture.IndependentAgriculture.test_valid_ifrs_bearer_animal_not_ppe) ... ok
test_valid_mortality_without_fabricated_growth (test_independent_agriculture.IndependentAgriculture.test_valid_mortality_without_fabricated_growth) ... ok
test_valid_negative_gain (test_independent_agriculture.IndependentAgriculture.test_valid_negative_gain) ... ok
test_valid_no_transaction_classification (test_independent_agriculture.IndependentAgriculture.test_valid_no_transaction_classification) ... ok
test_valid_uk_bearer_plant_fv_election_not_ifrs (test_independent_agriculture.IndependentAgriculture.test_valid_uk_bearer_plant_fv_election_not_ifrs) ... ok
test_valuation_date_signed_staleness (test_independent_agriculture.IndependentAgriculture.test_valuation_date_signed_staleness) ... ok
test_advanced_and_models_fail_closed (test_independent_derivatives_hedge.IndependentDerivativeHedge.test_advanced_and_models_fail_closed) ... ok
test_complex_cumulative_cashflow_reversal (test_independent_derivatives_hedge.IndependentDerivativeHedge.test_complex_cumulative_cashflow_reversal) ... ok
test_complex_standalone_swap_liability_settlement (test_independent_derivatives_hedge.IndependentDerivativeHedge.test_complex_standalone_swap_liability_settlement) ... ok
test_current_debt_owner_fair_value_positive_and_identity (test_independent_derivatives_hedge.IndependentDerivativeHedge.test_current_debt_owner_fair_value_positive_and_identity) ... ok
test_current_netinvestment_owners_positive_and_identity (test_independent_derivatives_hedge.IndependentDerivativeHedge.test_current_netinvestment_owners_positive_and_identity) ... ok
test_designation_dates_and_quantity (test_independent_derivatives_hedge.IndependentDerivativeHedge.test_designation_dates_and_quantity) ... ok
test_discontinuation_expected_retains_reserve (test_independent_derivatives_hedge.IndependentDerivativeHedge.test_discontinuation_expected_retains_reserve) ... ok
test_duplicate_and_unconsumed_populations (test_independent_derivatives_hedge.IndependentDerivativeHedge.test_duplicate_and_unconsumed_populations) ... ok
test_endperiod_probability_loss_retains_expected_reserve (test_independent_derivatives_hedge.IndependentDerivativeHedge.test_endperiod_probability_loss_retains_expected_reserve) ... ok
test_exception_framework_and_documentation (test_independent_derivatives_hedge.IndependentDerivativeHedge.test_exception_framework_and_documentation) ... ok
test_fairvalue_independent_risk_basis (test_independent_derivatives_hedge.IndependentDerivativeHedge.test_fairvalue_independent_risk_basis) ... ok
test_forecast_and_reserve_errors (test_independent_derivatives_hedge.IndependentDerivativeHedge.test_forecast_and_reserve_errors) ... ok
test_frs_prospective_qualification_differs_from_ifrs_inception (test_independent_derivatives_hedge.IndependentDerivativeHedge.test_frs_prospective_qualification_differs_from_ifrs_inception) ... ok
test_fx_full_disposal_cannot_contradict_current_group_perimeter (test_independent_derivatives_hedge.IndependentDerivativeHedge.test_fx_full_disposal_cannot_contradict_current_group_perimeter) ... ok
test_fx_owner_wrong_transaction_cannot_bind_forecast (test_independent_derivatives_hedge.IndependentDerivativeHedge.test_fx_owner_wrong_transaction_cannot_bind_forecast) ... ok
test_governed_certification_and_seven_public_routes (test_independent_derivatives_hedge.IndependentDerivativeHedge.test_governed_certification_and_seven_public_routes) ... ok
test_hedged_risk_current_vs_cumulative (test_independent_derivatives_hedge.IndependentDerivativeHedge.test_hedged_risk_current_vs_cumulative) ... ok
test_independent_inventory_exact_once_and_current_owner (test_independent_derivatives_hedge.IndependentDerivativeHedge.test_independent_inventory_exact_once_and_current_owner) ... ok
test_initial_investment_contradiction (test_independent_derivatives_hedge.IndependentDerivativeHedge.test_initial_investment_contradiction) ... ok
test_late_docs_default_derivative_result (test_independent_derivatives_hedge.IndependentDerivativeHedge.test_late_docs_default_derivative_result) ... ok
test_missing_scope_facts (test_independent_derivatives_hedge.IndependentDerivativeHedge.test_missing_scope_facts) ... ok
test_multiple_contract_population_and_partial_scope (test_independent_derivatives_hedge.IndependentDerivativeHedge.test_multiple_contract_population_and_partial_scope) ... ok
test_near_comparable_initial_investment_is_not_little (test_independent_derivatives_hedge.IndependentDerivativeHedge.test_near_comparable_initial_investment_is_not_little) ... ok
test_netinvestment_disposal_cannot_be_manufactured (test_independent_derivatives_hedge.IndependentDerivativeHedge.test_netinvestment_disposal_cannot_be_manufactured) ... ok
test_positive_basis_and_cancelled_forecast (test_independent_derivatives_hedge.IndependentDerivativeHedge.test_positive_basis_and_cancelled_forecast) ... ok
test_positive_four_framework_standalone (test_independent_derivatives_hedge.IndependentDerivativeHedge.test_positive_four_framework_standalone) ... ok
test_positive_framework_cashflow_distinction (test_independent_derivatives_hedge.IndependentDerivativeHedge.test_positive_framework_cashflow_distinction) ... ok
test_rebalancing_history_and_voluntary (test_independent_derivatives_hedge.IndependentDerivativeHedge.test_rebalancing_history_and_voluntary) ... ok
test_reporting_errors (test_independent_derivatives_hedge.IndependentDerivativeHedge.test_reporting_errors) ... ok
test_risk_measurement_errors (test_independent_derivatives_hedge.IndependentDerivativeHedge.test_risk_measurement_errors) ... ok
test_source_mutation_without_requalification (test_independent_derivatives_hedge.IndependentDerivativeHedge.test_source_mutation_without_requalification) ... ok
test_stale_certification_and_fabricated_self_approval (test_independent_derivatives_hedge.IndependentDerivativeHedge.test_stale_certification_and_fabricated_self_approval) ... ok
test_stale_implementation_without_mutating_shared_files (test_independent_derivatives_hedge.IndependentDerivativeHedge.test_stale_implementation_without_mutating_shared_files) ... ok
test_stale_knowledge_without_mutating_shared_files (test_independent_derivatives_hedge.IndependentDerivativeHedge.test_stale_knowledge_without_mutating_shared_files) ... ok
test_unrelated_equity_fairvalue_result_cannot_qualify_derivative (test_independent_derivatives_hedge.IndependentDerivativeHedge.test_unrelated_equity_fairvalue_result_cannot_qualify_derivative) ... ok
test_unsupported_exception_does_not_skip_valuation (test_independent_derivatives_hedge.IndependentDerivativeHedge.test_unsupported_exception_does_not_skip_valuation) ... ok
test_valuation_dimension_mutations (test_independent_derivatives_hedge.IndependentDerivativeHedge.test_valuation_dimension_mutations) ... ok
test_variable_rate_debt_cashflow_actual_owner (test_independent_derivatives_hedge.IndependentDerivativeHedge.test_variable_rate_debt_cashflow_actual_owner) ... ok
test_actual_owner_journal_reposting_and_exact_once (test_independent_final_batch.IndependentFinalBatch.test_actual_owner_journal_reposting_and_exact_once) ... ok
test_controls_calendar_population_cannot_be_shrunk (test_independent_final_batch.IndependentFinalBatch.test_controls_calendar_population_cannot_be_shrunk) ... ok
test_controls_independent_risk_document (test_independent_final_batch.IndependentFinalBatch.test_controls_independent_risk_document) ... ok
test_controls_malformed_or_future_expectation_dates (test_independent_final_batch.IndependentFinalBatch.test_controls_malformed_or_future_expectation_dates) ... ok
test_controls_missing_occurrence_partial (test_independent_final_batch.IndependentFinalBatch.test_controls_missing_occurrence_partial) ... ok
test_controls_normal_post_period_deadline_not_blocked (test_independent_final_batch.IndependentFinalBatch.test_controls_normal_post_period_deadline_not_blocked) ... ok
test_controls_omitted_occurrence (test_independent_final_batch.IndependentFinalBatch.test_controls_omitted_occurrence) ... ok
test_controls_self_review (test_independent_final_batch.IndependentFinalBatch.test_controls_self_review) ... ok
test_controls_signature_without_attributes (test_independent_final_batch.IndependentFinalBatch.test_controls_signature_without_attributes) ... ok
test_controls_ticket_only_remediation (test_independent_final_batch.IndependentFinalBatch.test_controls_ticket_only_remediation) ... ok
test_controls_unreliable_ipe (test_independent_final_batch.IndependentFinalBatch.test_controls_unreliable_ipe) ... ok
test_db_actuary_report_discloses_excluded_event (test_independent_final_batch.IndependentFinalBatch.test_db_actuary_report_discloses_excluded_event) ... ok
test_db_all_account_gl_tie (test_independent_final_batch.IndependentFinalBatch.test_db_all_account_gl_tie) ... ok
test_db_cash_not_expense (test_independent_final_batch.IndependentFinalBatch.test_db_cash_not_expense) ... ok
test_db_census_conflict (test_independent_final_batch.IndependentFinalBatch.test_db_census_conflict) ... ok
test_db_custodian_conflict (test_independent_final_batch.IndependentFinalBatch.test_db_custodian_conflict) ... ok
test_db_method_not_transplanted (test_independent_final_batch.IndependentFinalBatch.test_db_method_not_transplanted) ... ok
test_db_numbers_and_accounting (test_independent_final_batch.IndependentFinalBatch.test_db_numbers_and_accounting) ... ok
test_db_plausible_nonzero_annual_expense_opening (test_independent_final_batch.IndependentFinalBatch.test_db_plausible_nonzero_annual_expense_opening) ... ok
test_db_unsupported_feature_and_valuation (test_independent_final_batch.IndependentFinalBatch.test_db_unsupported_feature_and_valuation) ... ok
test_existing_employee_retrieval_and_execution_preserved (test_independent_final_batch.IndependentFinalBatch.test_existing_employee_retrieval_and_execution_preserved) ... ok
test_false_owner_result_and_reposting (test_independent_final_batch.IndependentFinalBatch.test_false_owner_result_and_reposting) ... ok
test_golden_all_frameworks (test_independent_final_batch.IndependentFinalBatch.test_golden_all_frameworks) ... ok
test_inherited_prohibited_scope_flags (test_independent_final_batch.IndependentFinalBatch.test_inherited_prohibited_scope_flags) ... ok
test_kpi_cannot_use_unrelated_db_monetary_fact (test_independent_final_batch.IndependentFinalBatch.test_kpi_cannot_use_unrelated_db_monetary_fact) ... ok
test_kpi_owner_must_be_named_by_actual_process (test_independent_final_batch.IndependentFinalBatch.test_kpi_owner_must_be_named_by_actual_process) ... ok
test_operating_arbitrary_automation_roi (test_independent_final_batch.IndependentFinalBatch.test_operating_arbitrary_automation_roi) ... ok
test_operating_capacity_gap_not_complete (test_independent_final_batch.IndependentFinalBatch.test_operating_capacity_gap_not_complete) ... ok
test_operating_empty_scope_not_complete (test_independent_final_batch.IndependentFinalBatch.test_operating_empty_scope_not_complete) ... ok
test_operating_outsource_judgment_not_transferred (test_independent_final_batch.IndependentFinalBatch.test_operating_outsource_judgment_not_transferred) ... ok
test_operating_retained_owner_required (test_independent_final_batch.IndependentFinalBatch.test_operating_retained_owner_required) ... ok
test_outer_approval_missing_and_stale (test_independent_final_batch.IndependentFinalBatch.test_outer_approval_missing_and_stale) ... ok
test_owner_link_duplicate_alias (test_independent_final_batch.IndependentFinalBatch.test_owner_link_duplicate_alias) ... ok
test_owner_link_source_contradiction (test_independent_final_batch.IndependentFinalBatch.test_owner_link_source_contradiction) ... ok
test_owner_link_unused_document (test_independent_final_batch.IndependentFinalBatch.test_owner_link_unused_document) ... ok
test_owner_orphan_import (test_independent_final_batch.IndependentFinalBatch.test_owner_orphan_import) ... ok
test_privacy_all_seven_routes_and_substantive_caveat (test_independent_final_batch.IndependentFinalBatch.test_privacy_all_seven_routes_and_substantive_caveat) ... ok
test_public_caveat_contamination_fails_closed (test_independent_final_batch.IndependentFinalBatch.test_public_caveat_contamination_fails_closed) ... ok
test_release_approval_stale (test_independent_final_batch.IndependentFinalBatch.test_release_approval_stale) ... ok
test_source_bytes_stale (test_independent_final_batch.IndependentFinalBatch.test_source_bytes_stale) ... ok
test_stale_knowledge_selection (test_independent_final_batch.IndependentFinalBatch.test_stale_knowledge_selection) ... ok
test_systems_duplicate_retry (test_independent_final_batch.IndependentFinalBatch.test_systems_duplicate_retry) ... ok
test_systems_empty_scope_not_complete (test_independent_final_batch.IndependentFinalBatch.test_systems_empty_scope_not_complete) ... ok
test_systems_rejected_is_partial (test_independent_final_batch.IndependentFinalBatch.test_systems_rejected_is_partial) ... ok
test_systems_signed_net_cannot_hide_items (test_independent_final_batch.IndependentFinalBatch.test_systems_signed_net_cannot_hide_items) ... ok
test_systems_target_access_cannot_be_omitted (test_independent_final_batch.IndependentFinalBatch.test_systems_target_access_cannot_be_omitted) ... ok
test_systems_target_self_approval (test_independent_final_batch.IndependentFinalBatch.test_systems_target_self_approval) ... ok
test_systems_uncontrolled_ai (test_independent_final_batch.IndependentFinalBatch.test_systems_uncontrolled_ai) ... ok
test_systems_wrong_dimension (test_independent_final_batch.IndependentFinalBatch.test_systems_wrong_dimension) ... ok
test_unauthorized_external_action (test_independent_final_batch.IndependentFinalBatch.test_unauthorized_external_action) ... ok
test_valid_actual_47_kpi_import (test_independent_final_batch.IndependentFinalBatch.test_valid_actual_47_kpi_import) ... ok
test_analytics_cannot_aggregate_currency_outside_declared_unit (test_independent_governance.IndependentGovernanceQA.test_analytics_cannot_aggregate_currency_outside_declared_unit) ... ok
test_analytics_completion_before_cycle_is_not_current_kpi_fact (test_independent_governance.IndependentGovernanceQA.test_analytics_completion_before_cycle_is_not_current_kpi_fact) ... ok
test_analytics_document_currency_cannot_contradict_content (test_independent_governance.IndependentGovernanceQA.test_analytics_document_currency_cannot_contradict_content) ... ok
test_analytics_future_completion (test_independent_governance.IndependentGovernanceQA.test_analytics_future_completion) ... ok
test_analytics_future_due_event_is_not_current_denominator (test_independent_governance.IndependentGovernanceQA.test_analytics_future_due_event_is_not_current_denominator) ... ok
test_analytics_gross_offsets_not_hidden_by_net (test_independent_governance.IndependentGovernanceQA.test_analytics_gross_offsets_not_hidden_by_net) ... ok
test_analytics_material_missing_rec_is_partial (test_independent_governance.IndependentGovernanceQA.test_analytics_material_missing_rec_is_partial) ... ok
test_analytics_readiness_count_cannot_be_accounting_adjustment (test_independent_governance.IndependentGovernanceQA.test_analytics_readiness_count_cannot_be_accounting_adjustment) ... ok
test_analytics_unexplained_movement_cannot_complete (test_independent_governance.IndependentGovernanceQA.test_analytics_unexplained_movement_cannot_complete) ... ok
test_analytics_unposted_records_cannot_be_ledger_facts (test_independent_governance.IndependentGovernanceQA.test_analytics_unposted_records_cannot_be_ledger_facts) ... ok
test_analytics_zero_movement_has_no_manufactured_explanation (test_independent_governance.IndependentGovernanceQA.test_analytics_zero_movement_has_no_manufactured_explanation) ... ok
test_analytics_zero_prior_has_undefined_percentage (test_independent_governance.IndependentGovernanceQA.test_analytics_zero_prior_has_undefined_percentage) ... ok
test_disclosure_changed_comparative_needs_accounting_owner (test_independent_governance.IndependentGovernanceQA.test_disclosure_changed_comparative_needs_accounting_owner) ... ok
test_disclosure_governance_workpaper_cannot_be_accounting_owner (test_independent_governance.IndependentGovernanceQA.test_disclosure_governance_workpaper_cannot_be_accounting_owner) ... ok
test_disclosure_late_review_note_cannot_remain_complete (test_independent_governance.IndependentGovernanceQA.test_disclosure_late_review_note_cannot_remain_complete) ... ok
test_disclosure_missing_applicable_note (test_independent_governance.IndependentGovernanceQA.test_disclosure_missing_applicable_note) ... ok
test_disclosure_numeric_equality_does_not_establish_metric (test_independent_governance.IndependentGovernanceQA.test_disclosure_numeric_equality_does_not_establish_metric) ... ok
test_disclosure_reviewed_na_retains_requirement_without_hidden_note (test_independent_governance.IndependentGovernanceQA.test_disclosure_reviewed_na_retains_requirement_without_hidden_note) ... ok
test_disclosure_topic_coverage_missing (test_independent_governance.IndependentGovernanceQA.test_disclosure_topic_coverage_missing) ... ok
test_disclosure_unreviewed_na (test_independent_governance.IndependentGovernanceQA.test_disclosure_unreviewed_na) ... ok
test_document_content_hash_and_release_staleness (test_independent_governance.IndependentGovernanceQA.test_document_content_hash_and_release_staleness) ... ok
test_error_correction_owner_cannot_be_relabelled_policy_change (test_independent_governance.IndependentGovernanceQA.test_error_correction_owner_cannot_be_relabelled_policy_change) ... ok
test_exact_case_signoff_staleness (test_independent_governance.IndependentGovernanceQA.test_exact_case_signoff_staleness) ... ok
test_forbidden_scope_controls_all_five_packages (test_independent_governance.IndependentGovernanceQA.test_forbidden_scope_controls_all_five_packages) ... ok
test_frozen_actual_knowledge_bytes_changed_without_writing_canonical (test_independent_governance.IndependentGovernanceQA.test_frozen_actual_knowledge_bytes_changed_without_writing_canonical) ... ok
test_implementation_byte_staleness_without_file_mutation (test_independent_governance.IndependentGovernanceQA.test_implementation_byte_staleness_without_file_mutation) ... ok
test_import_owner_scope_and_posting_mode (test_independent_governance.IndependentGovernanceQA.test_import_owner_scope_and_posting_mode) ... ok
test_import_result_staleness_and_duplicate_owner (test_independent_governance.IndependentGovernanceQA.test_import_result_staleness_and_duplicate_owner) ... ok
test_ipo_area_count_is_exactly_once (test_independent_governance.IndependentGovernanceQA.test_ipo_area_count_is_exactly_once) ... ok
test_ipo_gap_stays_partial (test_independent_governance.IndependentGovernanceQA.test_ipo_gap_stays_partial) ... ok
test_ipo_owner_is_bound_to_original_scope (test_independent_governance.IndependentGovernanceQA.test_ipo_owner_is_bound_to_original_scope) ... ok
test_ipo_unretested_remediation_cannot_complete (test_independent_governance.IndependentGovernanceQA.test_ipo_unretested_remediation_cannot_complete) ... ok
test_knowledge_manifest_staleness (test_independent_governance.IndependentGovernanceQA.test_knowledge_manifest_staleness) ... ok
test_missing_selected_sample_retained_without_fake_support (test_independent_governance.IndependentGovernanceQA.test_missing_selected_sample_retained_without_fake_support) ... ok
test_pbc_alias_documents_cannot_count_source_twice (test_independent_governance.IndependentGovernanceQA.test_pbc_alias_documents_cannot_count_source_twice) ... ok
test_pbc_different_currencies_cannot_have_single_unqualified_gross (test_independent_governance.IndependentGovernanceQA.test_pbc_different_currencies_cannot_have_single_unqualified_gross) ... ok
test_pbc_equal_total_cannot_replace_original_record_identity (test_independent_governance.IndependentGovernanceQA.test_pbc_equal_total_cannot_replace_original_record_identity) ... ok
test_pbc_independent_original_amount_cannot_conflict (test_independent_governance.IndependentGovernanceQA.test_pbc_independent_original_amount_cannot_conflict) ... ok
test_pbc_selected_sample_substitution (test_independent_governance.IndependentGovernanceQA.test_pbc_selected_sample_substitution) ... ok
test_pbc_source_cancelled_or_reversed_omission (test_independent_governance.IndependentGovernanceQA.test_pbc_source_cancelled_or_reversed_omission) ... ok
test_policy_empty_claim_to_authority_map_cannot_complete (test_independent_governance.IndependentGovernanceQA.test_policy_empty_claim_to_authority_map_cannot_complete) ... ok
test_policy_fake_locator_cannot_create_authority (test_independent_governance.IndependentGovernanceQA.test_policy_fake_locator_cannot_create_authority) ... ok
test_policy_history_overlap_rejects (test_independent_governance.IndependentGovernanceQA.test_policy_history_overlap_rejects) ... ok
test_policy_original_change_classification_cannot_be_downgraded (test_independent_governance.IndependentGovernanceQA.test_policy_original_change_classification_cannot_be_downgraded) ... ok
test_policy_polish_cannot_replace_owner_conclusion (test_independent_governance.IndependentGovernanceQA.test_policy_polish_cannot_replace_owner_conclusion) ... ok
test_policy_separate_nonoverlapping_future_version_retained (test_independent_governance.IndependentGovernanceQA.test_policy_separate_nonoverlapping_future_version_retained) ... ok
test_public_provenance_contamination_is_fail_closed (test_independent_governance.IndependentGovernanceQA.test_public_provenance_contamination_is_fail_closed) ... ok
test_release_review_scope_matches_exact_case (test_independent_governance.IndependentGovernanceQA.test_release_review_scope_matches_exact_case) ... ok
test_source_version_and_dimension_mismatch (test_independent_governance.IndependentGovernanceQA.test_source_version_and_dimension_mismatch) ... ok
test_twenty_framework_positive_workpapers_and_privacy_routes (test_independent_governance.IndependentGovernanceQA.test_twenty_framework_positive_workpapers_and_privacy_routes) ... ok
test_balanced_original_reporting_plug_rejected_by_production_handoff (test_independent_hedge_handoffs.IndependentHedgeHandoffs.test_balanced_original_reporting_plug_rejected_by_production_handoff) ... ok
test_current_reporting_wrong_entity_and_currency (test_independent_hedge_handoffs.IndependentHedgeHandoffs.test_current_reporting_wrong_entity_and_currency) ... ok
test_duplicate_economic_source_and_aliased_target_mapping (test_independent_hedge_handoffs.IndependentHedgeHandoffs.test_duplicate_economic_source_and_aliased_target_mapping) ... ok
test_financial_host_wrong_measurement_metric (test_independent_hedge_handoffs.IndependentHedgeHandoffs.test_financial_host_wrong_measurement_metric) ... ok
test_identifiable_unmapped_duplicate_source_posting (test_independent_hedge_handoffs.IndependentHedgeHandoffs.test_identifiable_unmapped_duplicate_source_posting) ... ok
test_independent_current_reporting_owner_complete_source_mapping (test_independent_hedge_handoffs.IndependentHedgeHandoffs.test_independent_current_reporting_owner_complete_source_mapping) ... ok
test_matching_current_financial_asset_host_retains_owner_ecl (test_independent_hedge_handoffs.IndependentHedgeHandoffs.test_matching_current_financial_asset_host_retains_owner_ecl) ... ok
test_same_amount_wrong_host_original_case_identity (test_independent_hedge_handoffs.IndependentHedgeHandoffs.test_same_amount_wrong_host_original_case_identity) ... ok
test_same_case_wrong_original_instrument_id (test_independent_hedge_handoffs.IndependentHedgeHandoffs.test_same_case_wrong_original_instrument_id) ... ok
test_source_gain_sign_reversal_with_fresh_native_reporting (test_independent_hedge_handoffs.IndependentHedgeHandoffs.test_source_gain_sign_reversal_with_fresh_native_reporting) ... ok
test_actual_financing_horizon_and_duplicate_underlying_recovery (test_independent_insurance_contracts.IndependentInsurance.test_actual_financing_horizon_and_duplicate_underlying_recovery) ... ok
test_actuarial_semantic_dimensions (test_independent_insurance_contracts.IndependentInsurance.test_actuarial_semantic_dimensions) ... ok
test_all_public_routes_source_privacy (test_independent_insurance_contracts.IndependentInsurance.test_all_public_routes_source_privacy) ... ok
test_claim_occurs_before_coverage (test_independent_insurance_contracts.IndependentInsurance.test_claim_occurs_before_coverage) ... ok
test_current_other_owners_execute_and_insurance_refuses_takeover (test_independent_insurance_contracts.IndependentInsurance.test_current_other_owners_execute_and_insurance_refuses_takeover) ... ok
test_disclosure_stale_or_missing_population (test_independent_insurance_contracts.IndependentInsurance.test_disclosure_stale_or_missing_population) ... ok
test_duplicate_aliases_policy_claim_and_cash (test_independent_insurance_contracts.IndependentInsurance.test_duplicate_aliases_policy_claim_and_cash) ... ok
test_final_compilation_early_adoption_and_expensed_acquisition_guard (test_independent_insurance_contracts.IndependentInsurance.test_final_compilation_early_adoption_and_expensed_acquisition_guard) ... ok
test_gl_statement_and_gross_presentation (test_independent_insurance_contracts.IndependentInsurance.test_gl_statement_and_gross_presentation) ... ok
test_gmm_expired_with_unreleased_service (test_independent_insurance_contracts.IndependentInsurance.test_gmm_expired_with_unreleased_service) ... ok
test_gmm_interest_period_bound_to_coverage (test_independent_insurance_contracts.IndependentInsurance.test_gmm_interest_period_bound_to_coverage) ... ok
test_gmm_plugs_and_rollforward_errors (test_independent_insurance_contracts.IndependentInsurance.test_gmm_plugs_and_rollforward_errors) ... ok
test_independent_named_schedule_identities_and_signs (test_independent_insurance_contracts.IndependentInsurance.test_independent_named_schedule_identities_and_signs) ... ok
test_missing_and_reassigned_policy (test_independent_insurance_contracts.IndependentInsurance.test_missing_and_reassigned_policy) ... ok
test_native_report_and_disclosure_all_supported_frameworks (test_independent_insurance_contracts.IndependentInsurance.test_native_report_and_disclosure_all_supported_frameworks) ... ok
test_native_us_entity_scope_dac_amortization_and_recognition (test_independent_insurance_contracts.IndependentInsurance.test_native_us_entity_scope_dac_amortization_and_recognition) ... ok
test_none_change_cannot_contain_assumption_movement (test_independent_insurance_contracts.IndependentInsurance.test_none_change_cannot_contain_assumption_movement) ... ok
test_paa_claim_exemption_bound_to_actual_settlement (test_independent_insurance_contracts.IndependentInsurance.test_paa_claim_exemption_bound_to_actual_settlement) ... ok
test_paa_ineligible_and_exemptions (test_independent_insurance_contracts.IndependentInsurance.test_paa_ineligible_and_exemptions) ... ok
test_positive_actual_time_paa_and_fraction_precision (test_independent_insurance_contracts.IndependentInsurance.test_positive_actual_time_paa_and_fraction_precision) ... ok
test_positive_halfyear_gmm_exact_interest (test_independent_insurance_contracts.IndependentInsurance.test_positive_halfyear_gmm_exact_interest) ... ok
test_positive_multiple_groups_no_alias (test_independent_insurance_contracts.IndependentInsurance.test_positive_multiple_groups_no_alias) ... ok
test_positive_native_us_dac_and_deficiency (test_independent_insurance_contracts.IndependentInsurance.test_positive_native_us_dac_and_deficiency) ... ok
test_positive_paa_and_reinsurance_scaled (test_independent_insurance_contracts.IndependentInsurance.test_positive_paa_and_reinsurance_scaled) ... ok
test_positive_scaled_gmm_future_and_onerous (test_independent_insurance_contracts.IndependentInsurance.test_positive_scaled_gmm_future_and_onerous) ... ok
test_positive_two_policies_one_group (test_independent_insurance_contracts.IndependentInsurance.test_positive_two_policies_one_group) ... ok
test_reinsurance_wrong_underlying_and_counterparty (test_independent_insurance_contracts.IndependentInsurance.test_reinsurance_wrong_underlying_and_counterparty) ... ok
test_report_financial_oci_request_not_ignored (test_independent_insurance_contracts.IndependentInsurance.test_report_financial_oci_request_not_ignored) ... ok
test_reporting_duplicate_source_and_alias_other_line (test_independent_insurance_contracts.IndependentInsurance.test_reporting_duplicate_source_and_alias_other_line) ... ok
test_reporting_stale_and_incomplete_exact_mapping (test_independent_insurance_contracts.IndependentInsurance.test_reporting_stale_and_incomplete_exact_mapping) ... ok
test_significant_risk_and_scope_mutations (test_independent_insurance_contracts.IndependentInsurance.test_significant_risk_and_scope_mutations) ... ok
test_stale_certification_and_case_review (test_independent_insurance_contracts.IndependentInsurance.test_stale_certification_and_case_review) ... ok
test_stale_knowledge_and_implementation (test_independent_insurance_contracts.IndependentInsurance.test_stale_knowledge_and_implementation) ... ok
test_stale_source_without_refresh (test_independent_insurance_contracts.IndependentInsurance.test_stale_source_without_refresh) ... ok
test_time_paa_expired_coverage_cannot_retain_half_lrc (test_independent_insurance_contracts.IndependentInsurance.test_time_paa_expired_coverage_cannot_retain_half_lrc) ... ok
test_unbound_specialist_imports_and_elections_fail_closed (test_independent_insurance_contracts.IndependentInsurance.test_unbound_specialist_imports_and_elections_fail_closed) ... ok
test_unsupported_framework_scope (test_independent_insurance_contracts.IndependentInsurance.test_unsupported_framework_scope) ... ok
test_us_no_ifrs_mechanics_or_longduration (test_independent_insurance_contracts.IndependentInsurance.test_us_no_ifrs_mechanics_or_longduration) ... ok
test_us_unsupported_future_change_not_ignored (test_independent_insurance_contracts.IndependentInsurance.test_us_unsupported_future_change_not_ignored) ... ok
test_wrong_date_bound_cohort (test_independent_insurance_contracts.IndependentInsurance.test_wrong_date_bound_cohort) ... ok
test_wrong_policy_group_id (test_independent_insurance_contracts.IndependentInsurance.test_wrong_policy_group_id) ... ok
test_abnormal_material_loss_cannot_remain_in_inventory (test_independent_inventory_cost.IndependentInventory.test_abnormal_material_loss_cannot_remain_in_inventory) ... ok
test_actual_fixed_assets_payroll_ap_fx_owner_consumption (test_independent_inventory_cost.IndependentInventory.test_actual_fixed_assets_payroll_ap_fx_owner_consumption) ... ok
test_agriculture_retained_original_gl_effect_missing_or_duplicated (test_independent_inventory_cost.IndependentInventory.test_agriculture_retained_original_gl_effect_missing_or_duplicated) ... ok
test_agriculture_stale_duplicate_wrong_owner_and_biology (test_independent_inventory_cost.IndependentInventory.test_agriculture_stale_duplicate_wrong_owner_and_biology) ... ok
test_balanced_class_transfer_eliminates_entity_inventory_movement (test_independent_inventory_cost.IndependentInventory.test_balanced_class_transfer_eliminates_entity_inventory_movement) ... ok
test_bom_and_loss_source_invalid (test_independent_inventory_cost.IndependentInventory.test_bom_and_loss_source_invalid) ... ok
test_capacity_unknown_invented_or_wrong_denominator (test_independent_inventory_cost.IndependentInventory.test_capacity_unknown_invented_or_wrong_denominator) ... ok
test_completion_cutoff_and_equivalent_unit_contradiction (test_independent_inventory_cost.IndependentInventory.test_completion_cutoff_and_equivalent_unit_contradiction) ... ok
test_count_and_cutoff_incomplete (test_independent_inventory_cost.IndependentInventory.test_count_and_cutoff_incomplete) ... ok
test_disclosure_carrying_classes_formula_contradictions (test_independent_inventory_cost.IndependentInventory.test_disclosure_carrying_classes_formula_contradictions) ... ok
test_disclosure_population_complete (test_independent_inventory_cost.IndependentInventory.test_disclosure_population_complete) ... ok
test_downstream_handoff_interfaces_exact_inventory_owned_facts (test_independent_inventory_cost.IndependentInventory.test_downstream_handoff_interfaces_exact_inventory_owned_facts) ... ok
test_duplicate_bom_component_under_alias (test_independent_inventory_cost.IndependentInventory.test_duplicate_bom_component_under_alias) ... ok
test_duplicate_cost_economic_identity (test_independent_inventory_cost.IndependentInventory.test_duplicate_cost_economic_identity) ... ok
test_duplicate_count_or_cutoff_economic_population (test_independent_inventory_cost.IndependentInventory.test_duplicate_count_or_cutoff_economic_population) ... ok
test_duplicate_item_physical_alias (test_independent_inventory_cost.IndependentInventory.test_duplicate_item_physical_alias) ... ok
test_duplicate_order_production_identity (test_independent_inventory_cost.IndependentInventory.test_duplicate_order_production_identity) ... ok
test_duplicate_production_economic_identity (test_independent_inventory_cost.IndependentInventory.test_duplicate_production_economic_identity) ... ok
test_duplicate_write_down_measurement_same_item (test_independent_inventory_cost.IndependentInventory.test_duplicate_write_down_measurement_same_item) ... ok
test_economic_date_not_invoice_date (test_independent_inventory_cost.IndependentInventory.test_economic_date_not_invoice_date) ... ok
test_expiry_discontinuation_stale_forecast_population (test_independent_inventory_cost.IndependentInventory.test_expiry_discontinuation_stale_forecast_population) ... ok
test_formula_policy_and_specific_interchangeability (test_independent_inventory_cost.IndependentInventory.test_formula_policy_and_specific_interchangeability) ... ok
test_framework_entity_namespace_source_restriction (test_independent_inventory_cost.IndependentInventory.test_framework_entity_namespace_source_restriction) ... ok
test_grouped_variance_duplicate_unsupported_group_and_netting (test_independent_inventory_cost.IndependentInventory.test_grouped_variance_duplicate_unsupported_group_and_netting) ... ok
test_ifrs_replacement_cost_only_when_fg_not_recoverable (test_independent_inventory_cost.IndependentInventory.test_ifrs_replacement_cost_only_when_fg_not_recoverable) ... ok
test_internal_transfer_wrong_location_or_duplicate_economic_event (test_independent_inventory_cost.IndependentInventory.test_internal_transfer_wrong_location_or_duplicate_economic_event) ... ok
test_iqa10_return_restores_original_fifo_position (test_independent_inventory_cost.IndependentInventory.test_iqa10_return_restores_original_fifo_position) ... ok
test_iqa12_raw_material_decline_not_write_down_when_fg_recoverable (test_independent_inventory_cost.IndependentInventory.test_iqa12_raw_material_decline_not_write_down_when_fg_recoverable) ... ok
test_lifo_cannot_leak_across_frameworks (test_independent_inventory_cost.IndependentInventory.test_lifo_cannot_leak_across_frameworks) ... ok
test_malformed_payloads (test_independent_inventory_cost.IndependentInventory.test_malformed_payloads) ... ok
test_malformed_units_money_quantities_currency (test_independent_inventory_cost.IndependentInventory.test_malformed_units_money_quantities_currency) ... ok
test_measurement_stale_omitted_cost_grouping_sign (test_independent_inventory_cost.IndependentInventory.test_measurement_stale_omitted_cost_grouping_sign) ... ok
test_mixed_layer_return_unknown_layer_or_unsupported_blended_cost (test_independent_inventory_cost.IndependentInventory.test_mixed_layer_return_unknown_layer_or_unsupported_blended_cost) ... ok
test_nonfactory_and_incomplete_cost_pool (test_independent_inventory_cost.IndependentInventory.test_nonfactory_and_incomplete_cost_pool) ... ok
test_nonfinite_cost_and_mixed_gl_currency (test_independent_inventory_cost.IndependentInventory.test_nonfinite_cost_and_mixed_gl_currency) ... ok
test_opening_closing_bridges_unexplained_negative (test_independent_inventory_cost.IndependentInventory.test_opening_closing_bridges_unexplained_negative) ... ok
test_opening_layers_duplicate_alias_and_wrong_chronology (test_independent_inventory_cost.IndependentInventory.test_opening_layers_duplicate_alias_and_wrong_chronology) ... ok
test_owned_goods_in_transit_and_third_party_custody (test_independent_inventory_cost.IndependentInventory.test_owned_goods_in_transit_and_third_party_custody) ... ok
test_owner_qualification_and_numeric_source_binding (test_independent_inventory_cost.IndependentInventory.test_owner_qualification_and_numeric_source_binding) ... ok
test_owner_stale_entity_period_duplicate_and_unbound (test_independent_inventory_cost.IndependentInventory.test_owner_stale_entity_period_duplicate_and_unbound) ... ok
test_owner_wrong_metric_not_cost (test_independent_inventory_cost.IndependentInventory.test_owner_wrong_metric_not_cost) ... ok
test_ownership_possession_not_title (test_independent_inventory_cost.IndependentInventory.test_ownership_possession_not_title) ... ok
test_positive_completion_duplicate_alias_even_reconciled (test_independent_inventory_cost.IndependentInventory.test_positive_completion_duplicate_alias_even_reconciled) ... ok
test_post_harvest_is_inventory_not_biological_remeasurement (test_independent_inventory_cost.IndependentInventory.test_post_harvest_is_inventory_not_biological_remeasurement) ... ok
test_ppv_duplicate_stale_unbound_or_overlap_manufacturing (test_independent_inventory_cost.IndependentInventory.test_ppv_duplicate_stale_unbound_or_overlap_manufacturing) ... ok
test_production_unit_cost_and_real_class_bridges (test_independent_inventory_cost.IndependentInventory.test_production_unit_cost_and_real_class_bridges) ... ok
test_public_private_source_all_seven_routes (test_independent_inventory_cost.IndependentInventory.test_public_private_source_all_seven_routes) ... ok
test_raw_recovery_current_cost_market_component_and_method (test_independent_inventory_cost.IndependentInventory.test_raw_recovery_current_cost_market_component_and_method) ... ok
test_returns_cannot_double_issue_or_cross_order (test_independent_inventory_cost.IndependentInventory.test_returns_cannot_double_issue_or_cross_order) ... ok
test_same_actual_payroll_source_under_distinct_case_alias (test_independent_inventory_cost.IndependentInventory.test_same_actual_payroll_source_under_distinct_case_alias) ... ok
test_scrap_output_yield_and_unreported_loss (test_independent_inventory_cost.IndependentInventory.test_scrap_output_yield_and_unreported_loss) ... ok
test_single_claim_selection_cannot_omit_manufacturing_knowledge (test_independent_inventory_cost.IndependentInventory.test_single_claim_selection_cannot_omit_manufacturing_knowledge) ... ok
test_source_wrong_currency_or_dimensions (test_independent_inventory_cost.IndependentInventory.test_source_wrong_currency_or_dimensions) ... ok
test_specialist_and_borrowing_scope_fail_closed (test_independent_inventory_cost.IndependentInventory.test_specialist_and_borrowing_scope_fail_closed) ... ok
test_stale_case_and_implementation_certification (test_independent_inventory_cost.IndependentInventory.test_stale_case_and_implementation_certification) ... ok
test_stale_edition_entity_tier_and_period (test_independent_inventory_cost.IndependentInventory.test_stale_edition_entity_tier_and_period) ... ok
test_stale_knowledge_and_release_hash (test_independent_inventory_cost.IndependentInventory.test_stale_knowledge_and_release_hash) ... ok
test_stale_source_hash (test_independent_inventory_cost.IndependentInventory.test_stale_source_hash) ... ok
test_stale_unreviewed_standards_and_revaluation (test_independent_inventory_cost.IndependentInventory.test_stale_unreviewed_standards_and_revaluation) ... ok
test_stock_gl_statement_and_cogs_mismatch (test_independent_inventory_cost.IndependentInventory.test_stock_gl_statement_and_cogs_mismatch) ... ok
test_typed_disclosure_actual_values_contradict_reconciled_results (test_independent_inventory_cost.IndependentInventory.test_typed_disclosure_actual_values_contradict_reconciled_results) ... ok
test_unbound_prior_write_down_cannot_create_reversal (test_independent_inventory_cost.IndependentInventory.test_unbound_prior_write_down_cannot_create_reversal) ... ok
test_unowned_external_action_not_complete_accounting (test_independent_inventory_cost.IndependentInventory.test_unowned_external_action_not_complete_accounting) ... ok
test_unreviewed_yield_mix_revaluation_or_complex_wip (test_independent_inventory_cost.IndependentInventory.test_unreviewed_yield_mix_revaluation_or_complex_wip) ... ok
test_us_uk_do_not_inherit_ifrs_raw_recovery_method (test_independent_inventory_cost.IndependentInventory.test_us_uk_do_not_inherit_ifrs_raw_recovery_method) ... ok
test_valid_actual_agriculture_harvest_once (test_independent_inventory_cost.IndependentInventory.test_valid_actual_agriculture_harvest_once) ... ok
test_valid_actual_usage_differs_from_bom_standard (test_independent_inventory_cost.IndependentInventory.test_valid_actual_usage_differs_from_bom_standard) ... ok
test_valid_company_grouped_standard_architecture_adverse_favorable (test_independent_inventory_cost.IndependentInventory.test_valid_company_grouped_standard_architecture_adverse_favorable) ... ok
test_valid_count_adjustment_and_disposal_expense_not_revenue (test_independent_inventory_cost.IndependentInventory.test_valid_count_adjustment_and_disposal_expense_not_revenue) ... ok
test_valid_distinct_labour_rate_efficiency_variable_fixed_variances (test_independent_inventory_cost.IndependentInventory.test_valid_distinct_labour_rate_efficiency_variable_fixed_variances) ... ok
test_valid_four_frameworks_independent_manufacturing (test_independent_inventory_cost.IndependentInventory.test_valid_four_frameworks_independent_manufacturing) ... ok
test_valid_job_batch_process_source_dimensions (test_independent_inventory_cost.IndependentInventory.test_valid_job_batch_process_source_dimensions) ... ok
test_valid_multilayer_fifo_and_weighted_average (test_independent_inventory_cost.IndependentInventory.test_valid_multilayer_fifo_and_weighted_average) ... ok
test_valid_multilayer_issue_returns_exact_original_cost (test_independent_inventory_cost.IndependentInventory.test_valid_multilayer_issue_returns_exact_original_cost) ... ok
test_valid_net_bom_return_actual_and_standard (test_independent_inventory_cost.IndependentInventory.test_valid_net_bom_return_actual_and_standard) ... ok
test_valid_normal_scrap_source_and_abnormal_material_expense (test_independent_inventory_cost.IndependentInventory.test_valid_normal_scrap_source_and_abnormal_material_expense) ... ok
test_valid_nrv_write_down_reversals_and_us_lcm (test_independent_inventory_cost.IndependentInventory.test_valid_nrv_write_down_reversals_and_us_lcm) ... ok
test_valid_purchase_standard_ppv_trace_once (test_independent_inventory_cost.IndependentInventory.test_valid_purchase_standard_ppv_trace_once) ... ok
test_valid_raw_context_eight_framework_recovery_cases (test_independent_inventory_cost.IndependentInventory.test_valid_raw_context_eight_framework_recovery_cases) ... ok
test_valid_standard_gross_decomposition (test_independent_inventory_cost.IndependentInventory.test_valid_standard_gross_decomposition) ... ok
test_valid_under_over_and_high_capacity_recovery (test_independent_inventory_cost.IndependentInventory.test_valid_under_over_and_high_capacity_recovery) ... ok
test_variance_components_duplicated_mislabeled_sign_and_netting (test_independent_inventory_cost.IndependentInventory.test_variance_components_duplicated_mislabeled_sign_and_netting) ... ok
test_variance_disposition_and_denominator (test_independent_inventory_cost.IndependentInventory.test_variance_disposition_and_denominator) ... ok
test_wrong_labour_source_hours_and_rate (test_independent_inventory_cost.IndependentInventory.test_wrong_labour_source_hours_and_rate) ... ok
test_wrong_routing_hours_and_driver (test_independent_inventory_cost.IndependentInventory.test_wrong_routing_hours_and_driver) ... ok
test_zero_realizable_value_and_us_reversal_cannot_cross_framework (test_independent_inventory_cost.IndependentInventory.test_zero_realizable_value_and_us_reversal_cannot_cross_framework) ... ok
test_completed_statement_owner_supports_component_partition_and_rejects_contradiction (test_independent_special_reporting.IndependentOwnerAdapterQA.test_completed_statement_owner_supports_component_partition_and_rejects_contradiction) ... ok
test_independent_counterexample_01 (test_independent_special_reporting.IndependentSpecialReportingQA.test_independent_counterexample_01)
APM journal expense unrelated to controlled GAAP subtotal ... ok
test_independent_counterexample_02 (test_independent_special_reporting.IndependentSpecialReportingQA.test_independent_counterexample_02)
APM comparative not comparable full period ... ok
test_independent_counterexample_03 (test_independent_special_reporting.IndependentSpecialReportingQA.test_independent_counterexample_03)
SEC duration profit tag declared instant in both actual and expected ... ok
test_independent_counterexample_04 (test_independent_special_reporting.IndependentSpecialReportingQA.test_independent_counterexample_04)
HFS comparative fabricated component profit without component ledger ... ok
test_independent_counterexample_05 (test_independent_special_reporting.IndependentSpecialReportingQA.test_independent_counterexample_05)
Hyperinflation monetary balance from earlier date ... ok
test_independent_counterexample_06 (test_independent_special_reporting.IndependentSpecialReportingQA.test_independent_counterexample_06)
SEC profit duration contexts prior arbitrary 20 years ... ok
test_independent_counterexample_07 (test_independent_special_reporting.IndependentSpecialReportingQA.test_independent_counterexample_07)
HFS cash amounts multiplied10 without independent bank tie-out ... ok
test_independent_counterexample_08 (test_independent_special_reporting.IndependentSpecialReportingQA.test_independent_counterexample_08)
HFS current component fabricated profit99 ... ok
test_independent_counterexample_09 (test_independent_special_reporting.IndependentSpecialReportingQA.test_independent_counterexample_09)
APM same definition_key hides inconsistent adjustment labels ... ok
test_independent_counterexample_10 (test_independent_special_reporting.IndependentSpecialReportingQA.test_independent_counterexample_10)
APM same keys duplicate current adjustment rationale ... ok
test_independent_counterexample_11 (test_independent_special_reporting.IndependentSpecialReportingQA.test_independent_counterexample_11)
HFS source statement clone30 double counted twice offset90 ... ok
test_independent_counterexample_12 (test_independent_special_reporting.IndependentSpecialReportingQA.test_independent_counterexample_12)
HFS same bank transaction counted twice ... ok
test_independent_counterexample_13 (test_independent_special_reporting.IndependentSpecialReportingQA.test_independent_counterexample_13)
HFS uses assets statement as profit source ... ok
test_scope_privacy_and_certification_checks (test_independent_special_reporting.IndependentSpecialReportingScope.test_scope_privacy_and_certification_checks) ... ok
test_stale_knowledge_and_implementation (test_independent_special_reporting.IndependentSpecialReportingScope.test_stale_knowledge_and_implementation) ... ok
test_aasb_actual_compilation (test_insurance_contracts.Insurance.test_aasb_actual_compilation) ... ok
test_aasb_scope (test_insurance_contracts.Insurance.test_aasb_scope) ... ok
test_acquired_modified_transition (test_insurance_contracts.Insurance.test_acquired_modified_transition) ... ok
test_actuarial_signoff_not_authenticated (test_insurance_contracts.Insurance.test_actuarial_signoff_not_authenticated) ... ok
test_additional_benefit (test_insurance_contracts.Insurance.test_additional_benefit) ... ok
test_advanced_routes (test_insurance_contracts.Insurance.test_advanced_routes) ... ok
test_change_governance (test_insurance_contracts.Insurance.test_change_governance) ... ok
test_classifier_actual_features (test_insurance_contracts.Insurance.test_classifier_actual_features) ... ok
test_csm_exhaustion_blocked (test_insurance_contracts.Insurance.test_csm_exhaustion_blocked) ... ok
test_disclosure_incomplete (test_insurance_contracts.Insurance.test_disclosure_incomplete) ... ok
test_duplicate_actuarial_preparer_reviewer (test_insurance_contracts.Insurance.test_duplicate_actuarial_preparer_reviewer) ... ok
test_duplicate_cash_alias (test_insurance_contracts.Insurance.test_duplicate_cash_alias) ... ok
test_duplicate_claim_alias (test_insurance_contracts.Insurance.test_duplicate_claim_alias) ... ok
test_duplicate_group_allocation (test_insurance_contracts.Insurance.test_duplicate_group_allocation) ... ok
test_duplicate_policy_alias (test_insurance_contracts.Insurance.test_duplicate_policy_alias) ... ok
test_examples_reproduce (test_insurance_contracts.Insurance.test_examples_reproduce) ... ok
test_future_changes (test_insurance_contracts.Insurance.test_future_changes) ... ok
test_future_claim (test_insurance_contracts.Insurance.test_future_claim) ... ok
test_gl_balance (test_insurance_contracts.Insurance.test_gl_balance) ... ok
test_gl_statement (test_insurance_contracts.Insurance.test_gl_statement) ... ok
test_gmm_exact_components (test_insurance_contracts.Insurance.test_gmm_exact_components) ... ok
test_group_reassignment (test_insurance_contracts.Insurance.test_group_reassignment) ... ok
test_insurance_liability_not_generic_provision (test_insurance_contracts.Insurance.test_insurance_liability_not_generic_provision) ... ok
test_insurance_revenue_not_ordinary_revenue (test_insurance_contracts.Insurance.test_insurance_revenue_not_ordinary_revenue) ... ok
test_invented_csm_plug (test_insurance_contracts.Insurance.test_invented_csm_plug) ... ok
test_invented_ra_total (test_insurance_contracts.Insurance.test_invented_ra_total) ... ok
test_malformed (test_insurance_contracts.Insurance.test_malformed) ... ok
test_missing_applied_claim (test_insurance_contracts.Insurance.test_missing_applied_claim) ... ok
test_missing_policy (test_insurance_contracts.Insurance.test_missing_policy) ... ok
test_named_rollforward_identities (test_insurance_contracts.Insurance.test_named_rollforward_identities) ... ok
test_onerous_allocation (test_insurance_contracts.Insurance.test_onerous_allocation) ... ok
test_opening_contracts (test_insurance_contracts.Insurance.test_opening_contracts) ... ok
test_paa_acquisition (test_insurance_contracts.Insurance.test_paa_acquisition) ... ok
test_paa_acquisition_nonattributable (test_insurance_contracts.Insurance.test_paa_acquisition_nonattributable) ... ok
test_paa_duplicate_amortization (test_insurance_contracts.Insurance.test_paa_duplicate_amortization) ... ok
test_paa_eligibility_equivalence (test_insurance_contracts.Insurance.test_paa_eligibility_equivalence) ... ok
test_paa_financing_exemptions (test_insurance_contracts.Insurance.test_paa_financing_exemptions) ... ok
test_paa_ineligible (test_insurance_contracts.Insurance.test_paa_ineligible) ... ok
test_partial_without_signoff (test_insurance_contracts.Insurance.test_partial_without_signoff) ... ok
test_population_incomplete (test_insurance_contracts.Insurance.test_population_incomplete) ... ok
test_posting_not_supported (test_insurance_contracts.Insurance.test_posting_not_supported) ... ok
test_privacy_all_routes (test_insurance_contracts.Insurance.test_privacy_all_routes) ... ok
test_product_label_cannot_create_insurance (test_insurance_contracts.Insurance.test_product_label_cannot_create_insurance) ... ok
test_qualified_inputs_required (test_insurance_contracts.Insurance.test_qualified_inputs_required) ... ok
test_reinsurance_claim (test_insurance_contracts.Insurance.test_reinsurance_claim) ... ok
test_reinsurance_counterparty (test_insurance_contracts.Insurance.test_reinsurance_counterparty) ... ok
test_reinsurance_gross (test_insurance_contracts.Insurance.test_reinsurance_gross) ... ok
test_reinsurance_loss_recovery_block (test_insurance_contracts.Insurance.test_reinsurance_loss_recovery_block) ... ok
test_reinsurance_netting (test_insurance_contracts.Insurance.test_reinsurance_netting) ... ok
test_reinsurance_nonperformance (test_insurance_contracts.Insurance.test_reinsurance_nonperformance) ... ok
test_reinsurance_recovery_percentage (test_insurance_contracts.Insurance.test_reinsurance_recovery_percentage) ... ok
test_reinsurance_underlying (test_insurance_contracts.Insurance.test_reinsurance_underlying) ... ok
test_report_wrong_scope (test_insurance_contracts.Insurance.test_report_wrong_scope) ... ok
test_source_bytes (test_insurance_contracts.Insurance.test_source_bytes) ... ok
test_stale_case_signoff (test_insurance_contracts.Insurance.test_stale_case_signoff) ... ok
test_stale_implementation (test_insurance_contracts.Insurance.test_stale_implementation) ... ok
test_stale_knowledge (test_insurance_contracts.Insurance.test_stale_knowledge) ... ok
test_supported_routes (test_insurance_contracts.Insurance.test_supported_routes) ... ok
test_unbound_coverage_release (test_insurance_contracts.Insurance.test_unbound_coverage_release) ... ok
test_unbound_owner_imports (test_insurance_contracts.Insurance.test_unbound_owner_imports) ... ok
test_unknown_policy_election (test_insurance_contracts.Insurance.test_unknown_policy_election) ... ok
test_us_dac_pattern (test_insurance_contracts.Insurance.test_us_dac_pattern) ... ok
test_us_dac_qualification (test_insurance_contracts.Insurance.test_us_dac_qualification) ... ok
test_us_deficiency (test_insurance_contracts.Insurance.test_us_deficiency) ... ok
test_us_deficiency_order (test_insurance_contracts.Insurance.test_us_deficiency_order) ... ok
test_us_models (test_insurance_contracts.Insurance.test_us_models) ... ok
test_us_native_output (test_insurance_contracts.Insurance.test_us_native_output) ... ok
test_us_no_ifrs_mechanics (test_insurance_contracts.Insurance.test_us_no_ifrs_mechanics) ... ok
test_us_scope (test_insurance_contracts.Insurance.test_us_scope) ... ok
test_wrong_claim_payment (test_insurance_contracts.Insurance.test_wrong_claim_payment) ... ok
test_wrong_claim_total (test_insurance_contracts.Insurance.test_wrong_claim_total) ... ok
test_wrong_closing_bridge (test_insurance_contracts.Insurance.test_wrong_closing_bridge) ... ok
test_wrong_currency (test_insurance_contracts.Insurance.test_wrong_currency) ... ok
test_wrong_group_profitability (test_insurance_contracts.Insurance.test_wrong_group_profitability) ... ok
test_wrong_interest (test_insurance_contracts.Insurance.test_wrong_interest) ... ok
test_wrong_loss_allocation (test_insurance_contracts.Insurance.test_wrong_loss_allocation) ... ok
test_wrong_period (test_insurance_contracts.Insurance.test_wrong_period) ... ok
test_balanced_plug_on_insurance_statement_line_blocks (test_insurance_integration.InsuranceIntegrationTests.test_balanced_plug_on_insurance_statement_line_blocks) ... ok
test_disclosure_incomplete_amount_population_blocks_receipt (test_insurance_integration.InsuranceIntegrationTests.test_disclosure_incomplete_amount_population_blocks_receipt) ... ok
test_disclosure_namespace_cannot_be_invented (test_insurance_integration.InsuranceIntegrationTests.test_disclosure_namespace_cannot_be_invented) ... ok
test_duplicate_economic_posting_under_other_owner_blocks (test_insurance_integration.InsuranceIntegrationTests.test_duplicate_economic_posting_under_other_owner_blocks) ... ok
test_duplicate_target_and_missing_mapping_block (test_insurance_integration.InsuranceIntegrationTests.test_duplicate_target_and_missing_mapping_block) ... ok
test_native_disclosures_supported_routes (test_insurance_integration.InsuranceIntegrationTests.test_native_disclosures_supported_routes) ... ok
test_native_statements_supported_routes (test_insurance_integration.InsuranceIntegrationTests.test_native_statements_supported_routes) ... ok
test_same_amount_wrong_source_identity_blocks (test_insurance_integration.InsuranceIntegrationTests.test_same_amount_wrong_source_identity_blocks) ... ok
test_stale_source_certification_blocks (test_insurance_integration.InsuranceIntegrationTests.test_stale_source_certification_blocks) ... ok
test_all_protected_baseline_files_are_identical (test_insurance_release.InsuranceReleaseTests.test_all_protected_baseline_files_are_identical) ... ok
test_existing_production_and_nonproduction_packages_preserved (test_insurance_release.InsuranceReleaseTests.test_existing_production_and_nonproduction_packages_preserved) ... ok
test_historical_denominators_and_approval_are_unchanged (test_insurance_release.InsuranceReleaseTests.test_historical_denominators_and_approval_are_unchanged) ... ok
test_stale_insurance_knowledge_fails_retrieval (test_insurance_release.InsuranceReleaseTests.test_stale_insurance_knowledge_fails_retrieval) ... ok
test_abnormal_material_loss_expensed (test_inventory_cost.Inventory.test_abnormal_material_loss_expensed) ... ok
test_adversarial_abnormal_capitalized (test_inventory_cost.Inventory.test_adversarial_abnormal_capitalized) ... ok
test_adversarial_bom_stale (test_inventory_cost.Inventory.test_adversarial_bom_stale) ... ok
test_adversarial_borrowing_dependency (test_inventory_cost.Inventory.test_adversarial_borrowing_dependency) ... ok
test_adversarial_capacity_invented (test_inventory_cost.Inventory.test_adversarial_capacity_invented) ... ok
test_adversarial_capacity_wrong_denominator (test_inventory_cost.Inventory.test_adversarial_capacity_wrong_denominator) ... ok
test_adversarial_capacity_wrong_driver (test_inventory_cost.Inventory.test_adversarial_capacity_wrong_driver) ... ok
test_adversarial_capacity_zero (test_inventory_cost.Inventory.test_adversarial_capacity_zero) ... ok
test_adversarial_closing_cost_plug (test_inventory_cost.Inventory.test_adversarial_closing_cost_plug) ... ok
test_adversarial_closing_quantity_plug (test_inventory_cost.Inventory.test_adversarial_closing_quantity_plug) ... ok
test_adversarial_cost_duplicate_alias (test_inventory_cost.Inventory.test_adversarial_cost_duplicate_alias) ... ok
test_adversarial_count_omitted_location (test_inventory_cost.Inventory.test_adversarial_count_omitted_location) ... ok
test_adversarial_count_quantity_wrong (test_inventory_cost.Inventory.test_adversarial_count_quantity_wrong) ... ok
test_adversarial_cutoff_evidence_missing (test_inventory_cost.Inventory.test_adversarial_cutoff_evidence_missing) ... ok
test_adversarial_cutoff_unsupported (test_inventory_cost.Inventory.test_adversarial_cutoff_unsupported) ... ok
test_adversarial_disclosure_cogs_wrong (test_inventory_cost.Inventory.test_adversarial_disclosure_cogs_wrong) ... ok
test_adversarial_disclosure_inventory_wrong (test_inventory_cost.Inventory.test_adversarial_disclosure_inventory_wrong) ... ok
test_adversarial_disclosure_missing (test_inventory_cost.Inventory.test_adversarial_disclosure_missing) ... ok
test_adversarial_duplicate_physical_alias (test_inventory_cost.Inventory.test_adversarial_duplicate_physical_alias) ... ok
test_adversarial_finished_cost_plug (test_inventory_cost.Inventory.test_adversarial_finished_cost_plug) ... ok
test_adversarial_forecast_generation (test_inventory_cost.Inventory.test_adversarial_forecast_generation) ... ok
test_adversarial_gl_different (test_inventory_cost.Inventory.test_adversarial_gl_different) ... ok
test_adversarial_joint_product_route (test_inventory_cost.Inventory.test_adversarial_joint_product_route) ... ok
test_adversarial_labour_hours_wrong (test_inventory_cost.Inventory.test_adversarial_labour_hours_wrong) ... ok
test_adversarial_labour_rate_wrong (test_inventory_cost.Inventory.test_adversarial_labour_rate_wrong) ... ok
test_adversarial_labour_source_hours (test_inventory_cost.Inventory.test_adversarial_labour_source_hours) ... ok
test_adversarial_labour_source_rate (test_inventory_cost.Inventory.test_adversarial_labour_source_rate) ... ok
test_adversarial_malformed_unit (test_inventory_cost.Inventory.test_adversarial_malformed_unit) ... ok
test_adversarial_negative_stock (test_inventory_cost.Inventory.test_adversarial_negative_stock) ... ok
test_adversarial_nonfactory_labour (test_inventory_cost.Inventory.test_adversarial_nonfactory_labour) ... ok
test_adversarial_not_owned (test_inventory_cost.Inventory.test_adversarial_not_owned) ... ok
test_adversarial_opening_layer_cost (test_inventory_cost.Inventory.test_adversarial_opening_layer_cost) ... ok
test_adversarial_opening_layer_date (test_inventory_cost.Inventory.test_adversarial_opening_layer_date) ... ok
test_adversarial_opening_layer_quantity (test_inventory_cost.Inventory.test_adversarial_opening_layer_quantity) ... ok
test_adversarial_output_exceeds_input (test_inventory_cost.Inventory.test_adversarial_output_exceeds_input) ... ok
test_adversarial_overhead_pool_incomplete (test_inventory_cost.Inventory.test_adversarial_overhead_pool_incomplete) ... ok
test_adversarial_ownership_stale (test_inventory_cost.Inventory.test_adversarial_ownership_stale) ... ok
test_adversarial_ownership_wrong_entity (test_inventory_cost.Inventory.test_adversarial_ownership_wrong_entity) ... ok
test_adversarial_post_requested (test_inventory_cost.Inventory.test_adversarial_post_requested) ... ok
test_adversarial_routing_driver_wrong (test_inventory_cost.Inventory.test_adversarial_routing_driver_wrong) ... ok
test_adversarial_routing_hours_wrong (test_inventory_cost.Inventory.test_adversarial_routing_hours_wrong) ... ok
test_adversarial_scrap_omitted (test_inventory_cost.Inventory.test_adversarial_scrap_omitted) ... ok
test_adversarial_statement_different (test_inventory_cost.Inventory.test_adversarial_statement_different) ... ok
test_adversarial_substitution_unapproved (test_inventory_cost.Inventory.test_adversarial_substitution_unapproved) ... ok
test_adversarial_third_party_owned (test_inventory_cost.Inventory.test_adversarial_third_party_owned) ... ok
test_adversarial_unsupported_heterogeneous_wip (test_inventory_cost.Inventory.test_adversarial_unsupported_heterogeneous_wip) ... ok
test_adversarial_variable_driver_wrong (test_inventory_cost.Inventory.test_adversarial_variable_driver_wrong) ... ok
test_adversarial_wip_cost_plug (test_inventory_cost.Inventory.test_adversarial_wip_cost_plug) ... ok
test_adversarial_wrong_cogs (test_inventory_cost.Inventory.test_adversarial_wrong_cogs) ... ok
test_adversarial_wrong_completion_order (test_inventory_cost.Inventory.test_adversarial_wrong_completion_order) ... ok
test_adversarial_wrong_cost_currency (test_inventory_cost.Inventory.test_adversarial_wrong_cost_currency) ... ok
test_adversarial_wrong_cost_period (test_inventory_cost.Inventory.test_adversarial_wrong_cost_period) ... ok
test_adversarial_wrong_item_currency (test_inventory_cost.Inventory.test_adversarial_wrong_item_currency) ... ok
test_adversarial_wrong_material_cost (test_inventory_cost.Inventory.test_adversarial_wrong_material_cost) ... ok
test_adversarial_wrong_movement_currency (test_inventory_cost.Inventory.test_adversarial_wrong_movement_currency) ... ok
test_adversarial_wrong_movement_economic_alias (test_inventory_cost.Inventory.test_adversarial_wrong_movement_economic_alias) ... ok
test_adversarial_wrong_movement_unit (test_inventory_cost.Inventory.test_adversarial_wrong_movement_unit) ... ok
test_adversarial_wrong_output_quantity (test_inventory_cost.Inventory.test_adversarial_wrong_output_quantity) ... ok
test_adversarial_wrong_period_completion (test_inventory_cost.Inventory.test_adversarial_wrong_period_completion) ... ok
test_adversarial_wrong_wip_equivalent (test_inventory_cost.Inventory.test_adversarial_wrong_wip_equivalent) ... ok
test_adversarial_yield_input_conflict (test_inventory_cost.Inventory.test_adversarial_yield_input_conflict) ... ok
test_adversarial_yield_unexplained (test_inventory_cost.Inventory.test_adversarial_yield_unexplained) ... ok
test_company_grouped_variance_architecture (test_inventory_cost.Inventory.test_company_grouped_variance_architecture) ... ok
test_completion_estimate_omitted (test_inventory_cost.Inventory.test_completion_estimate_omitted) ... ok
test_discontinued_ignored (test_inventory_cost.Inventory.test_discontinued_ignored) ... ok
test_duplicate_valuation (test_inventory_cost.Inventory.test_duplicate_valuation) ... ok
test_examples_reproduce (test_inventory_cost.Inventory.test_examples_reproduce) ... ok
test_expiry_ignored (test_inventory_cost.Inventory.test_expiry_ignored) ... ok
test_false_ifrs_lifo (test_inventory_cost.Inventory.test_false_ifrs_lifo) ... ok
test_fifo_weighted_average_specific (test_inventory_cost.Inventory.test_fifo_weighted_average_specific) ... ok
test_forecast_stale (test_inventory_cost.Inventory.test_forecast_stale) ... ok
test_four_framework_manufacturing (test_inventory_cost.Inventory.test_four_framework_manufacturing) ... ok
test_gross_variance_netted (test_inventory_cost.Inventory.test_gross_variance_netted) ... ok
test_grouped_variance_cannot_hide_gross_exposure (test_inventory_cost.Inventory.test_grouped_variance_cannot_hide_gross_exposure) ... ok
test_high_output_actual_cap (test_inventory_cost.Inventory.test_high_output_actual_cap) ... ok
test_incomplete_applied_decisions (test_inventory_cost.Inventory.test_incomplete_applied_decisions) ... ok
test_job_batch_process (test_inventory_cost.Inventory.test_job_batch_process) ... ok
test_lifo_uk_aasb (test_inventory_cost.Inventory.test_lifo_uk_aasb) ... ok
test_malformed (test_inventory_cost.Inventory.test_malformed) ... ok
test_missing_claim_blocks (test_inventory_cost.Inventory.test_missing_claim_blocks) ... ok
test_net_material_return (test_inventory_cost.Inventory.test_net_material_return) ... ok
test_nrv_write_down (test_inventory_cost.Inventory.test_nrv_write_down) ... ok
test_original_reversal_ceiling (test_inventory_cost.Inventory.test_original_reversal_ceiling) ... ok
test_over_recovery (test_inventory_cost.Inventory.test_over_recovery) ... ok
test_prior_write_down_unbound (test_inventory_cost.Inventory.test_prior_write_down_unbound) ... ok
test_public_routes (test_inventory_cost.Inventory.test_public_routes) ... ok
test_purchased_standard_ppv (test_inventory_cost.Inventory.test_purchased_standard_ppv) ... ok
test_raw_finished_goods_context (test_inventory_cost.Inventory.test_raw_finished_goods_context) ... ok
test_raw_standalone_decline_cannot_override_finished_recovery (test_inventory_cost.Inventory.test_raw_standalone_decline_cannot_override_finished_recovery) ... ok
test_reversal_framework_difference (test_inventory_cost.Inventory.test_reversal_framework_difference) ... ok
test_selling_estimate_omitted (test_inventory_cost.Inventory.test_selling_estimate_omitted) ... ok
test_stale_certification_partial (test_inventory_cost.Inventory.test_stale_certification_partial) ... ok
test_stale_implementation_partial (test_inventory_cost.Inventory.test_stale_implementation_partial) ... ok
test_stale_knowledge_blocks (test_inventory_cost.Inventory.test_stale_knowledge_blocks) ... ok
test_stale_original_blocks (test_inventory_cost.Inventory.test_stale_original_blocks) ... ok
test_stale_release_blocks (test_inventory_cost.Inventory.test_stale_release_blocks) ... ok
test_stale_sales_price (test_inventory_cost.Inventory.test_stale_sales_price) ... ok
test_stale_standards (test_inventory_cost.Inventory.test_stale_standards) ... ok
test_standard_gross_journals (test_inventory_cost.Inventory.test_standard_gross_journals) ... ok
test_unit_cost_and_stock_quantity_schedules (test_inventory_cost.Inventory.test_unit_cost_and_stock_quantity_schedules) ... ok
test_unowned_requested_actions (test_inventory_cost.Inventory.test_unowned_requested_actions) ... ok
test_unreviewed_standard_approximation (test_inventory_cost.Inventory.test_unreviewed_standard_approximation) ... ok
test_unsigned_partial (test_inventory_cost.Inventory.test_unsigned_partial) ... ok
test_unsupported_standard_revaluation (test_inventory_cost.Inventory.test_unsupported_standard_revaluation) ... ok
test_us_lcm (test_inventory_cost.Inventory.test_us_lcm) ... ok
test_us_lifo (test_inventory_cost.Inventory.test_us_lifo) ... ok
test_us_requested_reversal_blocked (test_inventory_cost.Inventory.test_us_requested_reversal_blocked) ... ok
test_variance_idle_buried (test_inventory_cost.Inventory.test_variance_idle_buried) ... ok
test_variance_sign_wrong (test_inventory_cost.Inventory.test_variance_sign_wrong) ... ok
test_IC_different_opening_and_recharge_rates (test_operational_routes.RouteTests.test_IC_different_opening_and_recharge_rates) ... ok
test_QA_numerical_and_chronology_regressions (test_operational_routes.RouteTests.test_QA_numerical_and_chronology_regressions) ... ok
test_accrual_invoice_clear_without_double_expense (test_operational_routes.RouteTests.test_accrual_invoice_clear_without_double_expense) ... ok
test_asset_capitalization_cip_transfer_and_training (test_operational_routes.RouteTests.test_asset_capitalization_cip_transfer_and_training) ... ok
test_cross_account_correction_cannot_hide_offset (test_operational_routes.RouteTests.test_cross_account_correction_cannot_hide_offset) ... ok
test_customer_opening_deposit_application_and_refund (test_operational_routes.RouteTests.test_customer_opening_deposit_application_and_refund) ... ok
test_existing_skill_result_integration (test_operational_routes.RouteTests.test_existing_skill_result_integration) ... ok
test_half_year_and_leap_day_depreciation (test_operational_routes.RouteTests.test_half_year_and_leap_day_depreciation) ... ok
test_no_boolean_memos_or_identities (test_operational_routes.RouteTests.test_no_boolean_memos_or_identities) ... ok
test_numeric_boundaries_and_public_contamination (test_operational_routes.RouteTests.test_numeric_boundaries_and_public_contamination) ... ok
test_postperiod_approval_and_reopen (test_operational_routes.RouteTests.test_postperiod_approval_and_reopen) ... ok
test_recharge_rounding_and_entity_journals (test_operational_routes.RouteTests.test_recharge_rounding_and_entity_journals) ... ok
test_settlement_fx_and_invalid_book (test_operational_routes.RouteTests.test_settlement_fx_and_invalid_book) ... ok
test_supported_collection_and_empty_cash (test_operational_routes.RouteTests.test_supported_collection_and_empty_cash) ... ok
test_unsupported_scope_and_prior_edition (test_operational_routes.RouteTests.test_unsupported_scope_and_prior_edition) ... ok
test_all_frameworks_and_public_routes (test_operational_workflows.OperationalTests.test_all_frameworks_and_public_routes) ... ok
test_asset_ready_cip_and_gross_net (test_operational_workflows.OperationalTests.test_asset_ready_cip_and_gross_net) ... ok
test_asset_revision_disposal_and_units (test_operational_workflows.OperationalTests.test_asset_revision_disposal_and_units) ... ok
test_close_adverse (test_operational_workflows.OperationalTests.test_close_adverse) ... ok
test_common_control_adverse_matrix (test_operational_workflows.OperationalTests.test_common_control_adverse_matrix) ... ok
test_exact_numerics (test_operational_workflows.OperationalTests.test_exact_numerics) ... ok
test_framework_and_period_scopes (test_operational_workflows.OperationalTests.test_framework_and_period_scopes) ... ok
test_intercompany_mismatch_and_rates (test_operational_workflows.OperationalTests.test_intercompany_mismatch_and_rates) ... ok
test_missing_stale_and_self_approval (test_operational_workflows.OperationalTests.test_missing_stale_and_self_approval) ... ok
test_payable_duplicate_match_payment_accrual (test_operational_workflows.OperationalTests.test_payable_duplicate_match_payment_accrual) ... ok
test_receivable_bad_cash_credit_dispute (test_operational_workflows.OperationalTests.test_receivable_bad_cash_credit_dispute) ... ok
test_reconciliation_gross_and_coverage (test_operational_workflows.OperationalTests.test_reconciliation_gross_and_coverage) ... ok
test_saved_public_CLI_examples (test_operational_workflows.OperationalTests.test_saved_public_CLI_examples) ... ok
test_QA_actual_FS_contradiction (test_presentation_workflows.PresentationTests.test_QA_actual_FS_contradiction) ... ok
test_QA_adjusting_disclosure_cannot_hide_measurement (test_presentation_workflows.PresentationTests.test_QA_adjusting_disclosure_cannot_hide_measurement) ... ok
test_QA_comparative_diluted_denominator (test_presentation_workflows.PresentationTests.test_QA_comparative_diluted_denominator) ... ok
test_QA_comparative_source_dimensions (test_presentation_workflows.PresentationTests.test_QA_comparative_source_dimensions) ... ok
test_QA_geographic_assets_not_self_substantiating (test_presentation_workflows.PresentationTests.test_QA_geographic_assets_not_self_substantiating) ... ok
test_QA_mixed_sign_aggregation_closed (test_presentation_workflows.PresentationTests.test_QA_mixed_sign_aggregation_closed) ... ok
test_QA_owner_stock_cannot_be_delta_only (test_presentation_workflows.PresentationTests.test_QA_owner_stock_cannot_be_delta_only) ... ok
test_QA_primary_event_measurement_cannot_be_zero_offset (test_presentation_workflows.PresentationTests.test_QA_primary_event_measurement_cannot_be_zero_offset) ... ok
test_QA_reportability_public_flag (test_presentation_workflows.PresentationTests.test_QA_reportability_public_flag) ... ok
test_QA_split_must_change_legal_boundary (test_presentation_workflows.PresentationTests.test_QA_split_must_change_legal_boundary) ... ok
test_adoption_unresolved (test_presentation_workflows.PresentationTests.test_adoption_unresolved) ... ok
test_blocked_knowledge_not_replaced_by_specialist_input (test_presentation_workflows.PresentationTests.test_blocked_knowledge_not_replaced_by_specialist_input) ... ok
test_disclosure_missing (test_presentation_workflows.PresentationTests.test_disclosure_missing) ... ok
test_duplicate_import (test_presentation_workflows.PresentationTests.test_duplicate_import) ... ok
test_entity_scope (test_presentation_workflows.PresentationTests.test_entity_scope) ... ok
test_eps_antidilution (test_presentation_workflows.PresentationTests.test_eps_antidilution) ... ok
test_eps_continuing_loss_total_gain (test_presentation_workflows.PresentationTests.test_eps_continuing_loss_total_gain) ... ok
test_eps_daily_issuance (test_presentation_workflows.PresentationTests.test_eps_daily_issuance) ... ok
test_eps_fractional_legal_shares (test_presentation_workflows.PresentationTests.test_eps_fractional_legal_shares) ... ok
test_eps_instrument_method_unresolved (test_presentation_workflows.PresentationTests.test_eps_instrument_method_unresolved) ... ok
test_eps_instrument_population (test_presentation_workflows.PresentationTests.test_eps_instrument_population) ... ok
test_eps_interval_gap (test_presentation_workflows.PresentationTests.test_eps_interval_gap) ... ok
test_eps_malformed_decimal (test_presentation_workflows.PresentationTests.test_eps_malformed_decimal) ... ok
test_eps_option_numerator_not_addback (test_presentation_workflows.PresentationTests.test_eps_option_numerator_not_addback) ... ok
test_eps_retrospective_postperiod_split (test_presentation_workflows.PresentationTests.test_eps_retrospective_postperiod_split) ... ok
test_eps_sequencing (test_presentation_workflows.PresentationTests.test_eps_sequencing) ... ok
test_eps_specialist_boundaries (test_presentation_workflows.PresentationTests.test_eps_specialist_boundaries) ... ok
test_eps_treasury_and_repurchase (test_presentation_workflows.PresentationTests.test_eps_treasury_and_repurchase) ... ok
test_eps_valid_inperiod_split (test_presentation_workflows.PresentationTests.test_eps_valid_inperiod_split) ... ok
test_eps_zero_activity (test_presentation_workflows.PresentationTests.test_eps_zero_activity) ... ok
test_eps_zero_denominator (test_presentation_workflows.PresentationTests.test_eps_zero_denominator) ... ok
test_eps_zero_incremental_adjustment (test_presentation_workflows.PresentationTests.test_eps_zero_incremental_adjustment) ... ok
test_events_adjusting_completed_owner (test_presentation_workflows.PresentationTests.test_events_adjusting_completed_owner) ... ok
test_events_basis_override (test_presentation_workflows.PresentationTests.test_events_basis_override) ... ok
test_events_chronology (test_presentation_workflows.PresentationTests.test_events_chronology) ... ok
test_events_disclosure_inestimable (test_presentation_workflows.PresentationTests.test_events_disclosure_inestimable) ... ok
test_events_duplicate_update (test_presentation_workflows.PresentationTests.test_events_duplicate_update) ... ok
test_events_import_dimensions (test_presentation_workflows.PresentationTests.test_events_import_dimensions) ... ok
test_events_incomplete_feed (test_presentation_workflows.PresentationTests.test_events_incomplete_feed) ... ok
test_events_material_cannot_omit (test_presentation_workflows.PresentationTests.test_events_material_cannot_omit) ... ok
test_events_missing_GC_owner (test_presentation_workflows.PresentationTests.test_events_missing_GC_owner) ... ok
test_events_missing_feed_event (test_presentation_workflows.PresentationTests.test_events_missing_feed_event) ... ok
test_events_nonadjusting_no_journal (test_presentation_workflows.PresentationTests.test_events_nonadjusting_no_journal) ... ok
test_events_post_issuance (test_presentation_workflows.PresentationTests.test_events_post_issuance) ... ok
test_events_stale_owner (test_presentation_workflows.PresentationTests.test_events_stale_owner) ... ok
test_events_unbalanced_statement (test_presentation_workflows.PresentationTests.test_events_unbalanced_statement) ... ok
test_events_us_cutoff_difference (test_presentation_workflows.PresentationTests.test_events_us_cutoff_difference) ... ok
test_events_wrong_recognition_owner (test_presentation_workflows.PresentationTests.test_events_wrong_recognition_owner) ... ok
test_events_zero_activity (test_presentation_workflows.PresentationTests.test_events_zero_activity) ... ok
test_four_framework_ordinary (test_presentation_workflows.PresentationTests.test_four_framework_ordinary) ... ok
test_framework_overlay (test_presentation_workflows.PresentationTests.test_framework_overlay) ... ok
test_framework_scope (test_presentation_workflows.PresentationTests.test_framework_scope) ... ok
test_immutable_actual_knowledge_map (test_presentation_workflows.PresentationTests.test_immutable_actual_knowledge_map) ... ok
test_incomplete_source_inventory (test_presentation_workflows.PresentationTests.test_incomplete_source_inventory) ... ok
test_input_immutability (test_presentation_workflows.PresentationTests.test_input_immutability) ... ok
test_knowledge_blockers_cannot_certify (test_presentation_workflows.PresentationTests.test_knowledge_blockers_cannot_certify) ... ok
test_malformed_input (test_presentation_workflows.PresentationTests.test_malformed_input) ... ok
test_matching_financial_statement_import (test_presentation_workflows.PresentationTests.test_matching_financial_statement_import) ... ok
test_missing_evidence (test_presentation_workflows.PresentationTests.test_missing_evidence) ... ok
test_missing_preparer (test_presentation_workflows.PresentationTests.test_missing_preparer) ... ok
test_partial (test_presentation_workflows.PresentationTests.test_partial) ... ok
test_period_scope (test_presentation_workflows.PresentationTests.test_period_scope) ... ok
test_population_count_and_amount (test_presentation_workflows.PresentationTests.test_population_count_and_amount) ... ok
test_public_privacy (test_presentation_workflows.PresentationTests.test_public_privacy) ... ok
test_reviewer_independence (test_presentation_workflows.PresentationTests.test_reviewer_independence) ... ok
test_saved_examples_and_public_cli (test_presentation_workflows.PresentationTests.test_saved_examples_and_public_cli) ... ok
test_segment_aggregation_supported (test_presentation_workflows.PresentationTests.test_segment_aggregation_supported) ... ok
test_segment_changed_comparatives (test_presentation_workflows.PresentationTests.test_segment_changed_comparatives) ... ok
test_segment_codm_not_legal_entity (test_presentation_workflows.PresentationTests.test_segment_codm_not_legal_entity) ... ok
test_segment_coverage (test_presentation_workflows.PresentationTests.test_segment_coverage) ... ok
test_segment_duplicate_component (test_presentation_workflows.PresentationTests.test_segment_duplicate_component) ... ok
test_segment_elimination_sign (test_presentation_workflows.PresentationTests.test_segment_elimination_sign) ... ok
test_segment_geographic_population (test_presentation_workflows.PresentationTests.test_segment_geographic_population) ... ok
test_segment_major_customer (test_presentation_workflows.PresentationTests.test_segment_major_customer) ... ok
test_segment_missing_aggregation_evidence (test_presentation_workflows.PresentationTests.test_segment_missing_aggregation_evidence) ... ok
test_segment_profit_loss_denominator (test_presentation_workflows.PresentationTests.test_segment_profit_loss_denominator) ... ok
test_segment_required_cannot_omit (test_presentation_workflows.PresentationTests.test_segment_required_cannot_omit) ... ok
test_segment_uk_scope_gate (test_presentation_workflows.PresentationTests.test_segment_uk_scope_gate) ... ok
test_segment_us_disclosure_gate (test_presentation_workflows.PresentationTests.test_segment_us_disclosure_gate) ... ok
test_segment_zero_activity (test_presentation_workflows.PresentationTests.test_segment_zero_activity) ... ok
test_source_context (test_presentation_workflows.PresentationTests.test_source_context) ... ok
test_stale_certification (test_presentation_workflows.PresentationTests.test_stale_certification) ... ok
test_stale_implementation (test_presentation_workflows.PresentationTests.test_stale_implementation) ... ok
test_stale_knowledge (test_presentation_workflows.PresentationTests.test_stale_knowledge) ... ok
test_stale_source_approval (test_presentation_workflows.PresentationTests.test_stale_source_approval) ... ok
test_statement_source_amount_not_GL (test_presentation_workflows.PresentationTests.test_statement_source_amount_not_GL) ... ok
test_statement_source_missing_account (test_presentation_workflows.PresentationTests.test_statement_source_missing_account) ... ok
test_afs_credit_not_double_counted (test_production_workflows.Workflows.test_afs_credit_not_double_counted) ... ok
test_all_four_frameworks_end_to_end (test_production_workflows.Workflows.test_all_four_frameworks_end_to_end) ... ok
test_canonical_claim_bytes_are_hashed (test_production_workflows.Workflows.test_canonical_claim_bytes_are_hashed) ... ok
test_case_fingerprint_varprice_stable (test_production_workflows.Workflows.test_case_fingerprint_varprice_stable) ... ok
test_catch_up_reversal (test_production_workflows.Workflows.test_catch_up_reversal) ... ok
test_cli_public_output (test_production_workflows.Workflows.test_cli_public_output) ... ok
test_consolidation_no_intercompany_valid (test_production_workflows.Workflows.test_consolidation_no_intercompany_valid) ... ok
test_control_not_ownership (test_production_workflows.Workflows.test_control_not_ownership) ... ok
test_discounted_provision_and_unwind (test_production_workflows.Workflows.test_discounted_provision_and_unwind) ... ok
test_duplicate_promise_and_negative_price (test_production_workflows.Workflows.test_duplicate_promise_and_negative_price) ... ok
test_ecl_allowance_rollforward (test_production_workflows.Workflows.test_ecl_allowance_rollforward) ... ok
test_ecl_stage1_horizon (test_production_workflows.Workflows.test_ecl_stage1_horizon) ... ok
test_ecl_survival_and_scope (test_production_workflows.Workflows.test_ecl_survival_and_scope) ... ok
test_ecl_uk_election (test_production_workflows.Workflows.test_ecl_uk_election) ... ok
test_ecl_us_staging_rejected (test_production_workflows.Workflows.test_ecl_us_staging_rejected) ... ok
test_equity_fvoci_and_us_rejection (test_production_workflows.Workflows.test_equity_fvoci_and_us_rejection) ... ok
test_finite_decimal_and_journal_side (test_production_workflows.Workflows.test_finite_decimal_and_journal_side) ... ok
test_gain_contingency_framework_difference (test_production_workflows.Workflows.test_gain_contingency_framework_difference) ... ok
test_group_duplicate_and_parent_type (test_production_workflows.Workflows.test_group_duplicate_and_parent_type) ... ok
test_group_equity_failure_is_not_hidden_by_balanced_tb (test_production_workflows.Workflows.test_group_equity_failure_is_not_hidden_by_balanced_tb) ... ok
test_group_nci_profit_ties_to_equity (test_production_workflows.Workflows.test_group_nci_profit_ties_to_equity) ... ok
test_integrated_modification_negative_catch_up (test_production_workflows.Workflows.test_integrated_modification_negative_catch_up) ... ok
test_knowledge_and_scope_gate (test_production_workflows.Workflows.test_knowledge_and_scope_gate) ... ok
test_legacy_uk_cost_recovery_amount (test_production_workflows.Workflows.test_legacy_uk_cost_recovery_amount) ... ok
test_liability_effective_interest (test_production_workflows.Workflows.test_liability_effective_interest) ... ok
test_malformed_case_structured_block (test_production_workflows.Workflows.test_malformed_case_structured_block) ... ok
test_matched_intercompany_balances (test_production_workflows.Workflows.test_matched_intercompany_balances) ... ok
test_nonexistent_intercompany_entities (test_production_workflows.Workflows.test_nonexistent_intercompany_entities) ... ok
test_onerous_asset_waterfall_and_us_boundary (test_production_workflows.Workflows.test_onerous_asset_waterfall_and_us_boundary) ... ok
test_over_time_payment_right_adversarial (test_production_workflows.Workflows.test_over_time_payment_right_adversarial) ... ok
test_ownership_without_control_loss (test_production_workflows.Workflows.test_ownership_without_control_loss) ... ok
test_period_revenue_not_cumulative (test_production_workflows.Workflows.test_period_revenue_not_cumulative) ... ok
test_prospective_modification_canonical_case (test_production_workflows.Workflows.test_prospective_modification_canonical_case) ... ok
test_provision_disclosure_route (test_production_workflows.Workflows.test_provision_disclosure_route) ... ok
test_provision_explicit_fx_journal_tie (test_production_workflows.Workflows.test_provision_explicit_fx_journal_tie) ... ok
test_provision_framework_range_difference (test_production_workflows.Workflows.test_provision_framework_range_difference) ... ok
test_provision_movement_not_difference (test_production_workflows.Workflows.test_provision_movement_not_difference) ... ok
test_provision_negative_probability (test_production_workflows.Workflows.test_provision_negative_probability) ... ok
test_public_contamination_fails_closed (test_production_workflows.Workflows.test_public_contamination_fails_closed) ... ok
test_qa_cent_allocation_no_negative_residual (test_production_workflows.Workflows.test_qa_cent_allocation_no_negative_residual) ... ok
test_qa_decommission_asset_floor (test_production_workflows.Workflows.test_qa_decommission_asset_floor) ... ok
test_qa_most_likely_bad_probabilities (test_production_workflows.Workflows.test_qa_most_likely_bad_probabilities) ... ok
test_qa_recurring_fair_value_delta (test_production_workflows.Workflows.test_qa_recurring_fair_value_delta) ... ok
test_reimbursement_capped_and_separate (test_production_workflows.Workflows.test_reimbursement_capped_and_separate) ... ok
test_revenue_legacy_uk_route (test_production_workflows.Workflows.test_revenue_legacy_uk_route) ... ok
test_review_fingerprint_invalidated (test_production_workflows.Workflows.test_review_fingerprint_invalidated) ... ok
test_specialist_blocked_envelope_public (test_production_workflows.Workflows.test_specialist_blocked_envelope_public) ... ok
test_translation_wholly_owned_case (test_production_workflows.Workflows.test_translation_wholly_owned_case) ... ok
test_uk_period_election_mismatch (test_production_workflows.Workflows.test_uk_period_election_mismatch) ... ok
test_unbalanced_tb_and_cashflow (test_production_workflows.Workflows.test_unbalanced_tb_and_cashflow) ... ok
test_unexplained_zero_movement_journals_rejected (test_production_workflows.Workflows.test_unexplained_zero_movement_journals_rejected) ... ok
test_unrealized_inventory_profit (test_production_workflows.Workflows.test_unrealized_inventory_profit) ... ok
test_us_discount_and_constructive_obligation (test_production_workflows.Workflows.test_us_discount_and_constructive_obligation) ... ok
test_variable_constraint_and_specific_allocation (test_production_workflows.Workflows.test_variable_constraint_and_specific_allocation) ... ok
test_vie_primary_beneficiary (test_production_workflows.Workflows.test_vie_primary_beneficiary) ... ok
test_zero_discount_and_none_model_rejected (test_production_workflows.Workflows.test_zero_discount_and_none_model_rejected) ... ok
test_cash_acquisition_net_inflow_and_disposal (test_reporting_routes.ReportingRouteTests.test_cash_acquisition_net_inflow_and_disposal) ... ok
test_cash_ifrs18_lease_rent_operating_and_interest_financing (test_reporting_routes.ReportingRouteTests.test_cash_ifrs18_lease_rent_operating_and_interest_financing) ... ok
test_cash_interest_dividend_tax_lease_four_frameworks (test_reporting_routes.ReportingRouteTests.test_cash_interest_dividend_tax_lease_four_frameworks) ... ok
test_cash_noncash_omission_and_future_date (test_reporting_routes.ReportingRouteTests.test_cash_noncash_omission_and_future_date) ... ok
test_cash_noncash_type_cannot_export_reviewer_metadata (test_reporting_routes.ReportingRouteTests.test_cash_noncash_type_cannot_export_reviewer_metadata) ... ok
test_cash_tax_refund_and_trace_to_investing (test_reporting_routes.ReportingRouteTests.test_cash_tax_refund_and_trace_to_investing) ... ok
test_cash_use_only_restriction_cannot_exclude_demand_cash (test_reporting_routes.ReportingRouteTests.test_cash_use_only_restriction_cannot_exclude_demand_cash) ... ok
test_changes_current_annual_and_interim_flows_are_distinct (test_reporting_routes.ReportingRouteTests.test_changes_current_annual_and_interim_flows_are_distinct) ... ok
test_changes_impracticability_supported_ifrs_boundary (test_reporting_routes.ReportingRouteTests.test_changes_impracticability_supported_ifrs_boundary) ... ok
test_changes_material_error_cannot_be_uncorrected (test_reporting_routes.ReportingRouteTests.test_changes_material_error_cannot_be_uncorrected) ... ok
test_changes_modified_transition_opening (test_reporting_routes.ReportingRouteTests.test_changes_modified_transition_opening) ... ok
test_commitment_no_gl_offset_hiding_between_registered_accounts (test_reporting_routes.ReportingRouteTests.test_commitment_no_gl_offset_hiding_between_registered_accounts) ... ok
test_commitment_realized_gain_supported_external_journal (test_reporting_routes.ReportingRouteTests.test_commitment_realized_gain_supported_external_journal) ... ok
test_equity_capital_reduction_internal_and_cash (test_reporting_routes.ReportingRouteTests.test_equity_capital_reduction_internal_and_cash) ... ok
test_equity_imported_reclass_offsets_and_exact_once (test_reporting_routes.ReportingRouteTests.test_equity_imported_reclass_offsets_and_exact_once) ... ok
test_equity_profit_oci_sbc_group_imports (test_reporting_routes.ReportingRouteTests.test_equity_profit_oci_sbc_group_imports) ... ok
test_equity_treasury_reissue_loss_equity_only (test_reporting_routes.ReportingRouteTests.test_equity_treasury_reissue_loss_equity_only) ... ok
test_equity_us_reserve_first_cannot_bypass_to_retained_earnings (test_reporting_routes.ReportingRouteTests.test_equity_us_reserve_first_cannot_bypass_to_retained_earnings) ... ok
test_equity_us_treasury_gain_separate_apic_component (test_reporting_routes.ReportingRouteTests.test_equity_us_treasury_gain_separate_apic_component) ... ok
test_equity_us_treasury_qualified_reserve_and_exact_source_journals (test_reporting_routes.ReportingRouteTests.test_equity_us_treasury_qualified_reserve_and_exact_source_journals) ... ok
test_gc_committed_plan_and_missing_covenant (test_reporting_routes.ReportingRouteTests.test_gc_committed_plan_and_missing_covenant) ... ok
test_gc_debt_paid_and_covenant_boundary (test_reporting_routes.ReportingRouteTests.test_gc_debt_paid_and_covenant_boundary) ... ok
test_gc_debt_payment_late_or_duplicate_principal (test_reporting_routes.ReportingRouteTests.test_gc_debt_payment_late_or_duplicate_principal) ... ok
test_gc_demand_overdue_liquidity_method_boundary (test_reporting_routes.ReportingRouteTests.test_gc_demand_overdue_liquidity_method_boundary) ... ok
test_nonfinite_binary_boolean_and_extreme_amounts_block (test_reporting_routes.ReportingRouteTests.test_nonfinite_binary_boolean_and_extreme_amounts_block) ... ok
test_related_commitment_population_separate_from_payable (test_reporting_routes.ReportingRouteTests.test_related_commitment_population_separate_from_payable) ... ok
test_related_pricing_and_supported_exemption (test_reporting_routes.ReportingRouteTests.test_related_pricing_and_supported_exemption) ... ok
test_zero_activity_populations_four_frameworks (test_reporting_routes.ReportingRouteTests.test_zero_activity_populations_four_frameworks) ... ok
test_all_four_frameworks_complete_balanced_and_private (test_reporting_workflows.ReportingTests.test_all_four_frameworks_complete_balanced_and_private) ... ok
test_archived_complete_and_partial_worked_examples (test_reporting_workflows.ReportingTests.test_archived_complete_and_partial_worked_examples) ... ok
test_blocked_tax_preserved (test_reporting_workflows.ReportingTests.test_blocked_tax_preserved) ... ok
test_cash_2027_nonadoption_blocks (test_reporting_workflows.ReportingTests.test_cash_2027_nonadoption_blocks) ... ok
test_cash_bank_duplicate_and_fx_tie (test_reporting_workflows.ReportingTests.test_cash_bank_duplicate_and_fx_tie) ... ok
test_cash_equivalent_original_maturity_boundary (test_reporting_workflows.ReportingTests.test_cash_equivalent_original_maturity_boundary) ... ok
test_cash_ifrs18_and_early_adoption (test_reporting_workflows.ReportingTests.test_cash_ifrs18_and_early_adoption) ... ok
test_cash_noncash_doublecount (test_reporting_workflows.ReportingTests.test_cash_noncash_doublecount) ... ok
test_cash_numeric_bridge_and_working_capital (test_reporting_workflows.ReportingTests.test_cash_numeric_bridge_and_working_capital) ... ok
test_cash_restricted_framework_difference (test_reporting_workflows.ReportingTests.test_cash_restricted_framework_difference) ... ok
test_cash_transfer_pair_and_unpaired_block (test_reporting_workflows.ReportingTests.test_cash_transfer_pair_and_unpaired_block) ... ok
test_cash_us_interest_policy_wrong (test_reporting_workflows.ReportingTests.test_cash_us_interest_policy_wrong) ... ok
test_cash_us_overdraft_excluded_and_ifrs_requires_integral (test_reporting_workflows.ReportingTests.test_cash_us_overdraft_excluded_and_ifrs_requires_integral) ... ok
test_cash_wrong_indirect_and_sign (test_reporting_workflows.ReportingTests.test_cash_wrong_indirect_and_sign) ... ok
test_changes_estimate_prospective_and_old_info_rejected (test_reporting_workflows.ReportingTests.test_changes_estimate_prospective_and_old_info_rejected) ... ok
test_changes_multiperiod_carryforward_not_doublecounted (test_reporting_workflows.ReportingTests.test_changes_multiperiod_carryforward_not_doublecounted) ... ok
test_changes_policy_mandatory_transition_requires_handoff (test_reporting_workflows.ReportingTests.test_changes_policy_mandatory_transition_requires_handoff) ... ok
test_changes_prior_error_profit_eps_opening (test_reporting_workflows.ReportingTests.test_changes_prior_error_profit_eps_opening) ... ok
test_changes_sec_big_r_and_little_r (test_reporting_workflows.ReportingTests.test_changes_sec_big_r_and_little_r) ... ok
test_changes_sec_claims_not_nonregistrant (test_reporting_workflows.ReportingTests.test_changes_sec_claims_not_nonregistrant) ... ok
test_changes_us_error_no_impracticability (test_reporting_workflows.ReportingTests.test_changes_us_error_no_impracticability) ... ok
test_changes_us_hybrid_only (test_reporting_workflows.ReportingTests.test_changes_us_hybrid_only) ... ok
test_changes_wrong_period_and_unbalanced (test_reporting_workflows.ReportingTests.test_changes_wrong_period_and_unbalanced) ... ok
test_cli_all_six_and_four_frameworks (test_reporting_workflows.ReportingTests.test_cli_all_six_and_four_frameworks) ... ok
test_commitment_gain_unrecognized_and_illegal_probability (test_reporting_workflows.ReportingTests.test_commitment_gain_unrecognized_and_illegal_probability) ... ok
test_commitment_guarantee_requires_external_measurement (test_reporting_workflows.ReportingTests.test_commitment_guarantee_requires_external_measurement) ... ok
test_commitment_kind_route_bypass_and_excess_fulfillment (test_reporting_workflows.ReportingTests.test_commitment_kind_route_bypass_and_excess_fulfillment) ... ok
test_commitment_provision_import_balanced_journal_all_frameworks (test_reporting_workflows.ReportingTests.test_commitment_provision_import_balanced_journal_all_frameworks) ... ok
test_commitment_register_recognition_distinct (test_reporting_workflows.ReportingTests.test_commitment_register_recognition_distinct) ... ok
test_cross_skill_actual_provision_and_fx_results (test_reporting_workflows.ReportingTests.test_cross_skill_actual_provision_and_fx_results) ... ok
test_cross_skill_actual_statement_result (test_reporting_workflows.ReportingTests.test_cross_skill_actual_statement_result) ... ok
test_equity_costs_exceed_premium_and_compound_block (test_reporting_workflows.ReportingTests.test_equity_costs_exceed_premium_and_compound_block) ... ok
test_equity_dividend_payment_cannot_exceed_payable (test_reporting_workflows.ReportingTests.test_equity_dividend_payment_cannot_exceed_payable) ... ok
test_equity_nci_profit_separate_component (test_reporting_workflows.ReportingTests.test_equity_nci_profit_separate_component) ... ok
test_equity_opening_own_and_positive_treasury_block (test_reporting_workflows.ReportingTests.test_equity_opening_own_and_positive_treasury_block) ... ok
test_equity_ordinary_cost_and_dividend_math (test_reporting_workflows.ReportingTests.test_equity_ordinary_cost_and_dividend_math) ... ok
test_equity_treasury_buy_and_reissue_gain (test_reporting_workflows.ReportingTests.test_equity_treasury_buy_and_reissue_gain) ... ok
test_gc_debt_maturity_missing_payment_and_covenant_inventory (test_reporting_workflows.ReportingTests.test_gc_debt_maturity_missing_payment_and_covenant_inventory) ... ok
test_gc_framework_horizons_and_cash_math (test_reporting_workflows.ReportingTests.test_gc_framework_horizons_and_cash_math) ... ok
test_gc_intra_period_minimum_and_uncertainty (test_reporting_workflows.ReportingTests.test_gc_intra_period_minimum_and_uncertainty) ... ok
test_gc_missing_month_and_fabricated_forecast (test_reporting_workflows.ReportingTests.test_gc_missing_month_and_fabricated_forecast) ... ok
test_gc_opening_reserve_minimum (test_reporting_workflows.ReportingTests.test_gc_opening_reserve_minimum) ... ok
test_gc_plan_uncommitted_and_overdrawn (test_reporting_workflows.ReportingTests.test_gc_plan_uncommitted_and_overdrawn) ... ok
test_gc_sensitivity_and_cash_availability (test_reporting_workflows.ReportingTests.test_gc_sensitivity_and_cash_availability) ... ok
test_handoff_dimension_mismatch_and_unresolved (test_reporting_workflows.ReportingTests.test_handoff_dimension_mismatch_and_unresolved) ... ok
test_implementation_change_invalidates_certification (test_reporting_workflows.ReportingTests.test_implementation_change_invalidates_certification) ... ok
test_independent_reviewer_every_package (test_reporting_workflows.ReportingTests.test_independent_reviewer_every_package) ... ok
test_knowledge_change_every_package (test_reporting_workflows.ReportingTests.test_knowledge_change_every_package) ... ok
test_malformed_context_policy_entity_and_framework (test_reporting_workflows.ReportingTests.test_malformed_context_policy_entity_and_framework) ... ok
test_missing_evidence_completeness_stale_approval_all_packages (test_reporting_workflows.ReportingTests.test_missing_evidence_completeness_stale_approval_all_packages) ... ok
test_missing_reviewer_is_partial_all_frameworks (test_reporting_workflows.ReportingTests.test_missing_reviewer_is_partial_all_frameworks) ... ok
test_no_internal_source_notes_in_all_public_routes (test_reporting_workflows.ReportingTests.test_no_internal_source_notes_in_all_public_routes) ... ok
test_provisional_references_are_qualified (test_reporting_workflows.ReportingTests.test_provisional_references_are_qualified) ... ok
test_related_false_declaration_and_arm_length (test_reporting_workflows.ReportingTests.test_related_false_declaration_and_arm_length) ... ok
test_related_kmp_categories_inventory_and_gl (test_reporting_workflows.ReportingTests.test_related_kmp_categories_inventory_and_gl) ... ok
test_related_timeline_and_consolidation (test_reporting_workflows.ReportingTests.test_related_timeline_and_consolidation) ... ok
test_related_uk_2026_disclosure_and_separate_elimination (test_reporting_workflows.ReportingTests.test_related_uk_2026_disclosure_and_separate_elimination) ... ok
test_stale_certification_every_package (test_reporting_workflows.ReportingTests.test_stale_certification_every_package) ... ok
test_close_reopen_requires_nonblank_authorization (test_saas_owner_integration.SaaSOwnerIntegration.test_close_reopen_requires_nonblank_authorization) ... ok
test_foreign_settlement_and_remaining_remeasurement_reconcile (test_saas_owner_integration.SaaSOwnerIntegration.test_foreign_settlement_and_remaining_remeasurement_reconcile) ... ok
test_original_fx_invoice_date_must_match_owner_position (test_saas_owner_integration.SaaSOwnerIntegration.test_original_fx_invoice_date_must_match_owner_position) ... ok
test_unsupported_foreign_credit_fails_closed (test_saas_owner_integration.SaaSOwnerIntegration.test_unsupported_foreign_credit_fails_closed) ... ok
test_certification_is_case_exact (test_special_reporting_workflows.SpecialReportingTests.test_certification_is_case_exact) ... ok
test_forbidden_actions (test_special_reporting_workflows.SpecialReportingTests.test_forbidden_actions) ... ok
test_framework_routes_and_no_posting (test_special_reporting_workflows.SpecialReportingTests.test_framework_routes_and_no_posting) ... ok
test_knowledge_changes_block_all_candidates (test_special_reporting_workflows.SpecialReportingTests.test_knowledge_changes_block_all_candidates) ... ok
test_malformed_populations_fail_closed (test_special_reporting_workflows.SpecialReportingTests.test_malformed_populations_fail_closed) ... ok
test_missing_owner_stale_and_cross_entity_imports (test_special_reporting_workflows.SpecialReportingTests.test_missing_owner_stale_and_cross_entity_imports) ... ok
test_old_implementation_certificates_rejected (test_special_reporting_workflows.SpecialReportingTests.test_old_implementation_certificates_rejected) ... ok
test_public_source_provenance_private (test_special_reporting_workflows.SpecialReportingTests.test_public_source_provenance_private) ... ok
test_saved_examples_are_current (test_special_reporting_workflows.SpecialReportingTests.test_saved_examples_are_current) ... ok
test_sec_actual_apm_owner_exact_once (test_special_reporting_workflows.SpecialReportingTests.test_sec_actual_apm_owner_exact_once) ... ok
test_sec_fpi_us_gaap_and_interim_forms (test_special_reporting_workflows.SpecialReportingTests.test_sec_fpi_us_gaap_and_interim_forms) ... ok

----------------------------------------------------------------------
Ran 1180 tests in 173.690s

OK
