test_cli_bad_input_safe_public_answer (test_artifacts.ArtifactIntegration.test_cli_bad_input_safe_public_answer) ... ok
test_generated_workpapers_reproduce (test_artifacts.ArtifactIntegration.test_generated_workpapers_reproduce) ... ok
test_internal_full_record_serializes (test_artifacts.ArtifactIntegration.test_internal_full_record_serializes) ... ok
test_exact_artifact_reproduction (test_diagnostic_artifacts.DiagnosticArtifactTests.test_exact_artifact_reproduction) ... ok
test_malformed_comparator_approval_date_rejected (test_diagnostic_independent.IndependentComparatorAndRetentionQA.test_malformed_comparator_approval_date_rejected) ... ok
test_malformed_comparator_freeze_date_rejected (test_diagnostic_independent.IndependentComparatorAndRetentionQA.test_malformed_comparator_freeze_date_rejected) ... ok
test_supplied_forecast_is_comparator_only (test_diagnostic_independent.IndependentComparatorAndRetentionQA.test_supplied_forecast_is_comparator_only) ... ok
test_accounting_question_binds_actual_owner_metric (test_diagnostic_independent.IndependentDiagnosticQA.test_accounting_question_binds_actual_owner_metric) ... ok
test_accounting_treatment_and_journal_injection (test_diagnostic_independent.IndependentDiagnosticQA.test_accounting_treatment_and_journal_injection) ... ok
test_association_never_supports_operational_cause (test_diagnostic_independent.IndependentDiagnosticQA.test_association_never_supports_operational_cause) ... ok
test_bool_materiality_and_nonfinite_amount (test_diagnostic_independent.IndependentDiagnosticQA.test_bool_materiality_and_nonfinite_amount) ... ok
test_budget_cannot_replace_actual (test_diagnostic_independent.IndependentDiagnosticQA.test_budget_cannot_replace_actual) ... ok
test_duplicate_components_and_source_sign (test_diagnostic_independent.IndependentDiagnosticQA.test_duplicate_components_and_source_sign) ... ok
test_explicit_material_and_immaterial_residual (test_diagnostic_independent.IndependentDiagnosticQA.test_explicit_material_and_immaterial_residual) ... ok
test_management_evidence_cannot_be_promoted_by_hypothesis_label (test_diagnostic_independent.IndependentDiagnosticQA.test_management_evidence_cannot_be_promoted_by_hypothesis_label) ... ok
test_missing_quantity_and_incomplete_population (test_diagnostic_independent.IndependentDiagnosticQA.test_missing_quantity_and_incomplete_population) ... ok
test_native_bridge_and_percentage_denominator (test_diagnostic_independent.IndependentDiagnosticQA.test_native_bridge_and_percentage_denominator) ... ok
test_no_evidence_hypothesis_remains_unresolved (test_diagnostic_independent.IndependentDiagnosticQA.test_no_evidence_hypothesis_remains_unresolved) ... ok
test_owner_component_relabel_cannot_change_margin_basis (test_diagnostic_independent.IndependentDiagnosticQA.test_owner_component_relabel_cannot_change_margin_basis) ... ok
test_owner_metric_alias_double_count_is_rejected (test_diagnostic_independent.IndependentDiagnosticQA.test_owner_metric_alias_double_count_is_rejected) ... ok
test_reversed_cost_sign_cannot_be_excused_by_materiality (test_diagnostic_independent.IndependentDiagnosticQA.test_reversed_cost_sign_cannot_be_excused_by_materiality) ... ok
test_stale_version_and_postfreeze_comparator (test_diagnostic_independent.IndependentDiagnosticQA.test_stale_version_and_postfreeze_comparator) ... ok
test_unknown_materiality_preserves_unexplained (test_diagnostic_independent.IndependentDiagnosticQA.test_unknown_materiality_preserves_unexplained) ... ok
test_wrong_entity_currency_period_comparator (test_diagnostic_independent.IndependentDiagnosticQA.test_wrong_entity_currency_period_comparator) ... ok
test_native_owner_escalation_and_public_privacy (test_diagnostic_independent.IndependentDiagnosticRuntimeQA.test_native_owner_escalation_and_public_privacy) ... ok
test_anomaly_is_observation_not_accounting_error (test_diagnostic_independent.IndependentHypothesisAndMethodQA.test_anomaly_is_observation_not_accounting_error) ... ok
test_forecasting_and_budgeting_generation_remain_excluded (test_diagnostic_independent.IndependentHypothesisAndMethodQA.test_forecasting_and_budgeting_generation_remain_excluded) ... ok
test_group_omission_keeps_residual_instead_of_other_plug (test_diagnostic_independent.IndependentHypothesisAndMethodQA.test_group_omission_keeps_residual_instead_of_other_plug) ... ok
test_hypothesis_dispositions_follow_evidence_not_prose (test_diagnostic_independent.IndependentHypothesisAndMethodQA.test_hypothesis_dispositions_follow_evidence_not_prose) ... ok
test_bounded_balance_has_no_artificial_work (test_diagnostic_independent.IndependentIntentQA.test_bounded_balance_has_no_artificial_work) ... ok
test_close_explanation_keeps_close_primary (test_diagnostic_independent.IndependentIntentQA.test_close_explanation_keeps_close_primary) ... ok
test_invalid_duplicate_work_modes_rejected (test_diagnostic_independent.IndependentIntentQA.test_invalid_duplicate_work_modes_rejected) ... ok
test_same_accounting_facts_distinct_objectives (test_diagnostic_independent.IndependentIntentQA.test_same_accounting_facts_distinct_objectives) ... ok
test_omitting_allocation_cannot_enable_false_cost_partition (test_diagnostic_independent.IndependentNativeLineageQA.test_omitting_allocation_cannot_enable_false_cost_partition) ... ok
test_only_authorized_roadmap_protection_label_may_change (test_diagnostic_independent.IndependentProtectedRoadmapMaintenanceQA.test_only_authorized_roadmap_protection_label_may_change) ... ok
test_material_residual_keeps_valid_bridge_and_limits_publicly (test_diagnostic_independent.IndependentResidualRuntimeQA.test_material_residual_keeps_valid_bridge_and_limits_publicly) ... ok
test_actual_vs_supplied_budget_comparator (test_diagnostics.DiagnosticTests.test_actual_vs_supplied_budget_comparator) ... ok
test_all_supplied_comparator_kinds (test_diagnostics.DiagnosticTests.test_all_supplied_comparator_kinds) ... ok
test_bridge_and_margin_percentage_denominator (test_diagnostics.DiagnosticTests.test_bridge_and_margin_percentage_denominator) ... ok
test_fpna_action_flags_reject (test_diagnostics.DiagnosticTests.test_fpna_action_flags_reject) ... ok
test_governed_intent_rejects_duplicates (test_diagnostics.DiagnosticTests.test_governed_intent_rejects_duplicates) ... ok
test_hypothesis_supported_rejected_partial_unresolved (test_diagnostics.DiagnosticTests.test_hypothesis_supported_rejected_partial_unresolved) ... ok
test_immaterial_residual_is_visible (test_diagnostics.DiagnosticTests.test_immaterial_residual_is_visible) ... ok
test_mandatory_diagnostic_facts (test_diagnostics.DiagnosticTests.test_mandatory_diagnostic_facts) ... ok
test_material_residual_preserves_native_schedule (test_diagnostics.DiagnosticTests.test_material_residual_preserves_native_schedule) ... ok
test_mix_population_convention_reconciles (test_diagnostics.DiagnosticTests.test_mix_population_convention_reconciles) ... ok
test_monthly_factory_and_owner_recheck (test_diagnostics.DiagnosticTests.test_monthly_factory_and_owner_recheck) ... ok
test_native_skill_public_does_not_emit_diagnostic_lineage (test_diagnostics.DiagnosticTests.test_native_skill_public_does_not_emit_diagnostic_lineage) ... ok
test_omitted_driver_remains_residual (test_diagnostics.DiagnosticTests.test_omitted_driver_remains_residual) ... ok
test_period_intents_and_negative_selection (test_diagnostics.DiagnosticTests.test_period_intents_and_negative_selection) ... ok
test_rate_quantity_interaction_convention (test_diagnostics.DiagnosticTests.test_rate_quantity_interaction_convention) ... ok
test_reusable_nonmanufacturing_expense_bridge (test_diagnostics.DiagnosticTests.test_reusable_nonmanufacturing_expense_bridge) ... ok
test_unknown_materiality_never_waives_residual (test_diagnostics.DiagnosticTests.test_unknown_materiality_never_waives_residual) ... ok
test_account_alias_cannot_hide_duplicate_group_event (test_group.GroupAuthored.test_account_alias_cannot_hide_duplicate_group_event) ... ok
test_analytics_escalates_to_accounting (test_group.GroupAuthored.test_analytics_escalates_to_accounting) ... ok
test_artifacts_match_current_generator (test_group.GroupAuthored.test_artifacts_match_current_generator) ... ok
test_bridges_no_unexplained_plug (test_group.GroupAuthored.test_bridges_no_unexplained_plug) ... ok
test_changed_parent_analytics_source_cannot_override_standalone_result (test_group.GroupAuthored.test_changed_parent_analytics_source_cannot_override_standalone_result) ... ok
test_clean_control_complete_closed (test_group.GroupAuthored.test_clean_control_complete_closed) ... ok
test_cons_and_statements_semantic_population (test_group.GroupAuthored.test_cons_and_statements_semantic_population) ... ok
test_cons_does_not_recreate_ppa_or_fx (test_group.GroupAuthored.test_cons_does_not_recreate_ppa_or_fx) ... ok
test_cta_attribution (test_group.GroupAuthored.test_cta_attribution) ... ok
test_five_executable_material_lineages (test_group.GroupAuthored.test_five_executable_material_lineages) ... ok
test_foreign_goodwill_not_fixed_parent_currency (test_group.GroupAuthored.test_foreign_goodwill_not_fixed_parent_currency) ... ok
test_full_year_inclusion_rejected (test_group.GroupAuthored.test_full_year_inclusion_rejected) ... ok
test_genuine_control_not_ownership_percentage (test_group.GroupAuthored.test_genuine_control_not_ownership_percentage) ... ok
test_hypothesis_rejected_by_post_acquisition_evidence (test_group.GroupAuthored.test_hypothesis_rejected_by_post_acquisition_evidence) ... ok
test_impairment_is_supported_nil_not_invented (test_group.GroupAuthored.test_impairment_is_supported_nil_not_invented) ... ok
test_intercompany_source_owner_not_elimination_owner (test_group.GroupAuthored.test_intercompany_source_owner_not_elimination_owner) ... ok
test_memory_candidates_never_promoted (test_group.GroupAuthored.test_memory_candidates_never_promoted) ... ok
test_modes_are_semantic_not_keywords (test_group.GroupAuthored.test_modes_are_semantic_not_keywords) ... ok
test_narrow_four_owner_controls (test_group.GroupAuthored.test_narrow_four_owner_controls) ... ok
test_native_acquisition_goodwill_and_full_nci (test_group.GroupAuthored.test_native_acquisition_goodwill_and_full_nci) ... ok
test_nci_rollforward (test_group.GroupAuthored.test_nci_rollforward) ... ok
test_nine_production_owners_qualified (test_group.GroupAuthored.test_nine_production_owners_qualified) ... ok
test_no_residual_backlog_or_unrelated_owners (test_group.GroupAuthored.test_no_residual_backlog_or_unrelated_owners) ... ok
test_only_group_adjustments_are_posting_population (test_group.GroupAuthored.test_only_group_adjustments_are_posting_population) ... ok
test_only_post_profit_in_group (test_group.GroupAuthored.test_only_post_profit_in_group) ... ok
test_pre_post_and_full_year_population (test_group.GroupAuthored.test_pre_post_and_full_year_population) ... ok
test_primary_conflict_is_material_partial (test_group.GroupAuthored.test_primary_conflict_is_material_partial) ... ok
test_public_is_one_cao_answer (test_group.GroupAuthored.test_public_is_one_cao_answer) ... ok
test_raw_company_sources_not_owner_payloads (test_group.GroupAuthored.test_raw_company_sources_not_owner_payloads) ... ok
test_recoverable_source_cannot_override_actual_valuation_calculation (test_group.GroupAuthored.test_recoverable_source_cannot_override_actual_valuation_calculation) ... ok
test_seed_independent_artifacts (test_group.GroupAuthored.test_seed_independent_artifacts) ... ok
test_tax_fv_to_goodwill_exact_once (test_group.GroupAuthored.test_tax_fv_to_goodwill_exact_once) ... ok
test_clean_native_receipts (test_group_independent.GroupIndependentContracts.test_clean_native_receipts) ... ok
test_effective_date_must_match_actual_acquisition_date (test_group_independent.GroupIndependentContracts.test_effective_date_must_match_actual_acquisition_date) ... ok
test_impairment_receipt_must_bind_posting_or_qualified_cgu (test_group_independent.GroupIndependentContracts.test_impairment_receipt_must_bind_posting_or_qualified_cgu) ... ok
test_material_component_and_attribution_receipts_cannot_be_omitted (test_group_independent.GroupIndependentContracts.test_material_component_and_attribution_receipts_cannot_be_omitted) ... ok
test_nci_oci_receipt_must_bind_actual_nci_schedule (test_group_independent.GroupIndependentContracts.test_nci_oci_receipt_must_bind_actual_nci_schedule) ... ok
test_omitted_acquisition_activity_selection_rejected (test_group_independent.GroupIndependentContracts.test_omitted_acquisition_activity_selection_rejected) ... ok
test_omitted_all_required_consolidation_receipts_rejected (test_group_independent.GroupIndependentContracts.test_omitted_all_required_consolidation_receipts_rejected) ... ok
test_omitted_one_required_consolidation_receipt_rejected (test_group_independent.GroupIndependentContracts.test_omitted_one_required_consolidation_receipt_rejected) ... ok
test_preacquisition_profit_inclusion_rejected (test_group_independent.GroupIndependentContracts.test_preacquisition_profit_inclusion_rejected) ... ok
test_scope_currency_contamination_rejected (test_group_independent.GroupIndependentContracts.test_scope_currency_contamination_rejected) ... ok
test_source_dimension_substitution_rejected (test_group_independent.GroupIndependentContracts.test_source_dimension_substitution_rejected) ... ok
test_stale_specialist_result_rejected (test_group_independent.GroupIndependentContracts.test_stale_specialist_result_rejected) ... ok
test_translation_gross_pl_ties_to_selected_source_population (test_group_independent.GroupIndependentContracts.test_translation_gross_pl_ties_to_selected_source_population) ... ok
test_translation_operation_entity_must_match_owner (test_group_independent.GroupIndependentContracts.test_translation_operation_entity_must_match_owner) ... ok
test_25_categories_runtime_rejects_unsupported_or_contaminated_inputs (test_group_independent.GroupIndependentEndToEnd.test_25_categories_runtime_rejects_unsupported_or_contaminated_inputs) ... ok
test_all_public_routes_are_curated (test_group_independent.GroupIndependentEndToEnd.test_all_public_routes_are_curated) ... ok
test_clean_runtime_amounts_and_scoped_journals (test_group_independent.GroupIndependentEndToEnd.test_clean_runtime_amounts_and_scoped_journals) ... ok
test_formatted_appraisal_amount_cannot_be_prefix_truncated (test_group_independent.GroupIndependentEndToEnd.test_formatted_appraisal_amount_cannot_be_prefix_truncated) ... ok
test_fresh_review_cannot_downgrade_source_qualified_owner_to_no_manifest (test_group_independent.GroupIndependentEndToEnd.test_fresh_review_cannot_downgrade_source_qualified_owner_to_no_manifest) ... ok
test_group_postings_cannot_target_a_scope_declared_legal_entity (test_group_independent.GroupIndependentEndToEnd.test_group_postings_cannot_target_a_scope_declared_legal_entity) ... ok
test_journal_omission_doublepost_and_legal_target_require_rejection (test_group_independent.GroupIndependentEndToEnd.test_journal_omission_doublepost_and_legal_target_require_rejection) ... ok
test_legal_source_scopes_cannot_be_relabelled_group_layers (test_group_independent.GroupIndependentEndToEnd.test_legal_source_scopes_cannot_be_relabelled_group_layers) ... ok
test_primary_dispute_preserves_documented_partial (test_group_independent.GroupIndependentEndToEnd.test_primary_dispute_preserves_documented_partial) ... ok
test_raw_documents_cannot_disagree_with_fresh_qualified_workpapers (test_group_independent.GroupIndependentEndToEnd.test_raw_documents_cannot_disagree_with_fresh_qualified_workpapers) ... ok
test_required_source_text_assertion_cannot_be_omitted (test_group_independent.GroupIndependentEndToEnd.test_required_source_text_assertion_cannot_be_omitted) ... ok
test_unrelated_rejected_hypothesis_cannot_reject_acquisition_claim (test_group_independent.GroupIndependentEndToEnd.test_unrelated_rejected_hypothesis_cannot_reject_acquisition_claim) ... ok
test_empty_nonlist_transactions_are_rejected (test_group_independent.GroupIndependentNativeFX.test_empty_nonlist_transactions_are_rejected) ... ok
test_empty_transactions_cannot_authorize_disabled_translation (test_group_independent.GroupIndependentNativeFX.test_empty_transactions_cannot_authorize_disabled_translation) ... ok
test_translation_only_has_no_fabricated_monetary_rows (test_group_independent.GroupIndependentNativeFX.test_translation_only_has_no_fabricated_monetary_rows) ... ok
test_actual_owner_full_result_stale_import_rejected (test_independent_qa.IndependentQA.test_actual_owner_full_result_stale_import_rejected) ... ok
test_all_public_routes_retain_caveats_and_hide_private (test_independent_qa.IndependentQA.test_all_public_routes_retain_caveats_and_hide_private) ... ok
test_alternate_approved_margin_basis_preserves_factory_expense (test_independent_qa.IndependentQA.test_alternate_approved_margin_basis_preserves_factory_expense) ... ok
test_combined_journal_validation_cannot_be_omitted (test_independent_qa.IndependentQA.test_combined_journal_validation_cannot_be_omitted) ... ok
test_context_answers_dimensions_and_no_mutation (test_independent_qa.IndependentQA.test_context_answers_dimensions_and_no_mutation) ... ok
test_context_proposal_expiry_scope_and_conflict (test_independent_qa.IndependentQA.test_context_proposal_expiry_scope_and_conflict) ... ok
test_custom_node_identity_not_skill_identity (test_independent_qa.IndependentQA.test_custom_node_identity_not_skill_identity) ... ok
test_distinct_challenge_changes_material_result (test_independent_qa.IndependentQA.test_distinct_challenge_changes_material_result) ... ok
test_duplicate_handoff_economic_alias_is_rejected (test_independent_qa.IndependentQA.test_duplicate_handoff_economic_alias_is_rejected) ... ok
test_false_condition_is_not_applicable (test_independent_qa.IndependentQA.test_false_condition_is_not_applicable) ... ok
test_flagship_quantities_synthesis_and_negative_routes (test_independent_qa.IndependentQA.test_flagship_quantities_synthesis_and_negative_routes) ... ok
test_fresh_pack_review_does_not_authorize_wrong_gl_mapping (test_independent_qa.IndependentQA.test_fresh_pack_review_does_not_authorize_wrong_gl_mapping) ... ok
test_graph_cycle_unknown_and_duplicate (test_independent_qa.IndependentQA.test_graph_cycle_unknown_and_duplicate) ... ok
test_independent_ready_nodes_and_transitive_invalidation (test_independent_qa.IndependentQA.test_independent_ready_nodes_and_transitive_invalidation) ... ok
test_journal_account_remapping_cannot_change_accounting (test_independent_qa.IndependentQA.test_journal_account_remapping_cannot_change_accounting) ... ok
test_malformed_supplied_known_family_is_visible (test_independent_qa.IndependentQA.test_malformed_supplied_known_family_is_visible) ... ok
test_material_unresolved_case_cannot_close (test_independent_qa.IndependentQA.test_material_unresolved_case_cannot_close) ... ok
test_materiality_flag_rejects_integer (test_independent_qa.IndependentQA.test_materiality_flag_rejects_integer) ... ok
test_missing_margin_basis_asks_material_question (test_independent_qa.IndependentQA.test_missing_margin_basis_asks_material_question) ... ok
test_native_reviewer_gate_remains (test_independent_qa.IndependentQA.test_native_reviewer_gate_remains) ... ok
test_nested_owner_imports_are_planned_transitively (test_independent_qa.IndependentQA.test_nested_owner_imports_are_planned_transitively) ... ok
test_nonproduction_immaterial_independent_grant (test_independent_qa.IndependentQA.test_nonproduction_immaterial_independent_grant) ... ok
test_nonproduction_material_grant_retains_ap (test_independent_qa.IndependentQA.test_nonproduction_material_grant_retains_ap) ... ok
test_proposed_margin_policy_cannot_be_established (test_independent_qa.IndependentQA.test_proposed_margin_policy_cannot_be_established) ... ok
test_public_retains_internal_and_rejects_training_attribution (test_independent_qa.IndependentQA.test_public_retains_internal_and_rejects_training_attribution) ... ok
test_reporting_owner_handoffs_cannot_be_omitted (test_independent_qa.IndependentQA.test_reporting_owner_handoffs_cannot_be_omitted) ... ok
test_simple_ap_one_owner (test_independent_qa.IndependentQA.test_simple_ap_one_owner) ... ok
test_simple_keyword_does_not_force_inventory (test_independent_qa.IndependentQA.test_simple_keyword_does_not_force_inventory) ... ok
test_unknown_owner_blocks_without_execution (test_independent_qa.IndependentQA.test_unknown_owner_blocks_without_execution) ... ok
test_wrong_each_execution_dimension (test_independent_qa.IndependentQA.test_wrong_each_execution_dimension) ... ok
test_conflict_never_closes_runtime_case (test_intake.AdditionalIntakeControls.test_conflict_never_closes_runtime_case) ... ok
test_contract_input_variants_retain_content (test_intake.AdditionalIntakeControls.test_contract_input_variants_retain_content) ... ok
test_current_source_wrong_period_rejected (test_intake.AdditionalIntakeControls.test_current_source_wrong_period_rejected) ... ok
test_huge_source_record_id_rejected (test_intake.AdditionalIntakeControls.test_huge_source_record_id_rejected) ... ok
test_mixed_currency_row_not_established (test_intake.AdditionalIntakeControls.test_mixed_currency_row_not_established) ... ok
test_assumed_framework (test_intake.IntakeTests.test_assumed_framework) ... ok
test_bad_currency (test_intake.IntakeTests.test_bad_currency) ... ok
test_bad_period (test_intake.IntakeTests.test_bad_period) ... ok
test_bad_reviewed_input_binding (test_intake.IntakeTests.test_bad_reviewed_input_binding) ... ok
test_bad_workmode (test_intake.IntakeTests.test_bad_workmode) ... ok
test_budget_not_promoted_into_actual (test_intake.IntakeTests.test_budget_not_promoted_into_actual) ... ok
test_confidence_bool (test_intake.IntakeTests.test_confidence_bool) ... ok
test_confidence_disputed (test_intake.IntakeTests.test_confidence_disputed) ... ok
test_context_not_overwritten (test_intake.IntakeTests.test_context_not_overwritten) ... ok
test_contract_routes_without_conclusion (test_intake.IntakeTests.test_contract_routes_without_conclusion) ... ok
test_csv_invalid (test_intake.IntakeTests.test_csv_invalid) ... ok
test_disputed_binding_rejected (test_intake.IntakeTests.test_disputed_binding_rejected) ... ok
test_duplicate_economics_alias (test_intake.IntakeTests.test_duplicate_economics_alias) ... ok
test_duplicate_source_content (test_intake.IntakeTests.test_duplicate_source_content) ... ok
test_duplicate_source_ids (test_intake.IntakeTests.test_duplicate_source_ids) ... ok
test_extracted_row_change (test_intake.IntakeTests.test_extracted_row_change) ... ok
test_fabricated_framework (test_intake.IntakeTests.test_fabricated_framework) ... ok
test_factory_conflict_retained_and_partial (test_intake.IntakeTests.test_factory_conflict_retained_and_partial) ... ok
test_factory_diagnostic_owner_execution (test_intake.IntakeTests.test_factory_diagnostic_owner_execution) ... ok
test_filename_not_metadata (test_intake.IntakeTests.test_filename_not_metadata) ... ok
test_fingerprint_change (test_intake.IntakeTests.test_fingerprint_change) ... ok
test_formulas_are_inert_not_amounts (test_intake.IntakeTests.test_formulas_are_inert_not_amounts) ... ok
test_free_form_semantic_interface_inventory (test_intake.IntakeTests.test_free_form_semantic_interface_inventory) ... ok
test_hidden_assumption (test_intake.IntakeTests.test_hidden_assumption) ... ok
test_inferred_cannot_be_established (test_intake.IntakeTests.test_inferred_cannot_be_established) ... ok
test_invalid_errors_do_not_echo_source (test_intake.IntakeTests.test_invalid_errors_do_not_echo_source) ... ok
test_json_nested_cell (test_intake.IntakeTests.test_json_nested_cell) ... ok
test_lineage_final_driver_to_source_row (test_intake.IntakeTests.test_lineage_final_driver_to_source_row) ... ok
test_missing_evidence (test_intake.IntakeTests.test_missing_evidence) ... ok
test_model_created_approval_status (test_intake.IntakeTests.test_model_created_approval_status) ... ok
test_no_live_model_dependency (test_intake.IntakeTests.test_no_live_model_dependency) ... ok
test_no_review_bypass (test_intake.IntakeTests.test_no_review_bypass) ... ok
test_no_runtime_certification (test_intake.IntakeTests.test_no_runtime_certification) ... ok
test_nonexistent_owner (test_intake.IntakeTests.test_nonexistent_owner) ... ok
test_nonproduction_owner (test_intake.IntakeTests.test_nonproduction_owner) ... ok
test_numeric_text_malformed (test_intake.IntakeTests.test_numeric_text_malformed) ... ok
test_paths_are_inert (test_intake.IntakeTests.test_paths_are_inert) ... ok
test_preserve_zeros_duplicates_and_subtotal (test_intake.IntakeTests.test_preserve_zeros_duplicates_and_subtotal) ... ok
test_public_all_routes (test_intake.IntakeTests.test_public_all_routes) ... ok
test_question_known_context_suppressed (test_intake.IntakeTests.test_question_known_context_suppressed) ... ok
test_sign_inversion (test_intake.IntakeTests.test_sign_inversion) ... ok
test_simple_ap_routes_only_ap (test_intake.IntakeTests.test_simple_ap_routes_only_ap) ... ok
test_source_change_after_extraction (test_intake.IntakeTests.test_source_change_after_extraction) ... ok
test_source_transformation_no_guess_dates (test_intake.IntakeTests.test_source_transformation_no_guess_dates) ... ok
test_transform_ledger (test_intake.IntakeTests.test_transform_ledger) ... ok
test_unsupported_binary (test_intake.IntakeTests.test_unsupported_binary) ... ok
test_unbound_assumption_and_dispute_fail_closed (test_intake.SemanticDeclarationControls.test_unbound_assumption_and_dispute_fail_closed) ... ok
test_contract_wording_not_reasked_and_not_promoted (test_intake.SourceQuestionControls.test_contract_wording_not_reasked_and_not_promoted) ... ok
test_reproducible_internal_and_public_artifacts (test_intake_artifacts.IntakeArtifacts.test_reproducible_internal_and_public_artifacts) ... ok
test_strict_proposal_json_roundtrip (test_intake_artifacts.IntakeArtifacts.test_strict_proposal_json_roundtrip) ... ok
test_adversarial_proposal_envelopes_fail_closed (test_intake_independent.IndependentIntakeQA.test_adversarial_proposal_envelopes_fail_closed) ... ok
test_conflicted_intake_never_transitions_closed (test_intake_independent.IndependentIntakeQA.test_conflicted_intake_never_transitions_closed) ... ok
test_context_candidates_preserve_approved_records (test_intake_independent.IndependentIntakeQA.test_context_candidates_preserve_approved_records) ... ok
test_contract_intake_proposes_source_specific_terms (test_intake_independent.IndependentIntakeQA.test_contract_intake_proposes_source_specific_terms) ... ok
test_contract_wording_does_not_trigger_repetitive_user_confirmation (test_intake_independent.IndependentIntakeQA.test_contract_wording_does_not_trigger_repetitive_user_confirmation) ... ok
test_dangling_semantic_assumptions_and_disputes_fail_closed (test_intake_independent.IndependentIntakeQA.test_dangling_semantic_assumptions_and_disputes_fail_closed) ... ok
test_fact_conflicts_supplied_by_model_cannot_be_ignored (test_intake_independent.IndependentIntakeQA.test_fact_conflicts_supplied_by_model_cannot_be_ignored) ... ok
test_fact_dimensions_cannot_assume_unstated_framework (test_intake_independent.IndependentIntakeQA.test_fact_dimensions_cannot_assume_unstated_framework) ... ok
test_huge_source_record_identity_is_rejected (test_intake_independent.IndependentIntakeQA.test_huge_source_record_identity_is_rejected) ... ok
test_inferred_numeric_fact_never_established (test_intake_independent.IndependentIntakeQA.test_inferred_numeric_fact_never_established) ... ok
test_known_context_question_is_suppressed (test_intake_independent.IndependentIntakeQA.test_known_context_question_is_suppressed) ... ok
test_management_hypothesis_has_explicit_supported_disposition (test_intake_independent.IndependentIntakeQA.test_management_hypothesis_has_explicit_supported_disposition) ... ok
test_missing_attribute_cannot_echo_private_model_text (test_intake_independent.IndependentIntakeQA.test_missing_attribute_cannot_echo_private_model_text) ... ok
test_missing_owner_bindings_do_not_default (test_intake_independent.IndependentIntakeQA.test_missing_owner_bindings_do_not_default) ... ok
test_mutated_prepared_candidate_rejected_before_execution (test_intake_independent.IndependentIntakeQA.test_mutated_prepared_candidate_rejected_before_execution) ... ok
test_prior_actual_source_cannot_be_replaced_by_fixture_comparator (test_intake_independent.IndependentIntakeQA.test_prior_actual_source_cannot_be_replaced_by_fixture_comparator) ... ok
test_public_excludes_raw_document_and_internal_metadata (test_intake_independent.IndependentIntakeQA.test_public_excludes_raw_document_and_internal_metadata) ... ok
test_row_currency_conflict_cannot_promote_metadata_currency (test_intake_independent.IndependentIntakeQA.test_row_currency_conflict_cannot_promote_metadata_currency) ... ok
test_same_source_metric_alias_cannot_duplicate_economics (test_intake_independent.IndependentIntakeQA.test_same_source_metric_alias_cannot_duplicate_economics) ... ok
test_secondary_diagnostic_mode_cannot_omit_analytic_owner (test_intake_independent.IndependentIntakeQA.test_secondary_diagnostic_mode_cannot_omit_analytic_owner) ... ok
test_source_lineage_tampering_is_detected (test_intake_independent.IndependentIntakeQA.test_source_lineage_tampering_is_detected) ... ok
test_untrusted_raw_inputs_are_inert_or_rejected (test_intake_independent.IndependentIntakeQA.test_untrusted_raw_inputs_are_inert_or_rejected) ... ok
test_blocked_record_cannot_insert_journal (test_integrated_conflict_governance.IntegratedConflictGovernance.test_blocked_record_cannot_insert_journal) ... ok
test_clear_result_cannot_be_arbitrarily_blocked (test_integrated_conflict_governance.IntegratedConflictGovernance.test_clear_result_cannot_be_arbitrarily_blocked) ... ok
test_conflict_evidence_remains_immutable (test_integrated_conflict_governance.IntegratedConflictGovernance.test_conflict_evidence_remains_immutable) ... ok
test_material_conflict_blocks_actual_downstream_consumer (test_integrated_conflict_governance.IntegratedConflictGovernance.test_material_conflict_blocks_actual_downstream_consumer) ... ok
test_publishing_fake_complete_result_cannot_bypass_conflict (test_integrated_conflict_governance.IntegratedConflictGovernance.test_publishing_fake_complete_result_cannot_bypass_conflict) ... ok
test_unrelated_native_reporting_keeps_exact_current_version (test_integrated_conflict_governance.IntegratedConflictGovernance.test_unrelated_native_reporting_keeps_exact_current_version) ... ok
test_unresolved_owner_cannot_supply_current_receipt (test_integrated_conflict_governance.IntegratedConflictGovernance.test_unresolved_owner_cannot_supply_current_receipt) ... ok
test_depreciation_wrong_period (test_manufacturing_adversarial.ManufacturingContradictions.test_depreciation_wrong_period) ... ok
test_duplicate_ap_cost_direct_inventory (test_manufacturing_adversarial.ManufacturingContradictions.test_duplicate_ap_cost_direct_inventory) ... ok
test_duplicated_production_order (test_manufacturing_adversarial.ManufacturingContradictions.test_duplicated_production_order) ... ok
test_fx_conversion_disagrees (test_manufacturing_adversarial.ManufacturingContradictions.test_fx_conversion_disagrees) ... ok
test_inventory_gl_disagrees (test_manufacturing_adversarial.ManufacturingContradictions.test_inventory_gl_disagrees) ... ok
test_manufacturing_system_quantity_disagrees (test_manufacturing_adversarial.ManufacturingContradictions.test_manufacturing_system_quantity_disagrees) ... ok
test_payroll_import_differs (test_manufacturing_adversarial.ManufacturingContradictions.test_payroll_import_differs) ... ok
test_revenue_quantity_exceeds_inventory_relief (test_manufacturing_adversarial.ManufacturingContradictions.test_revenue_quantity_exceeds_inventory_relief) ... ok
test_rework_retains_prior_case (test_manufacturing_adversarial.ManufacturingContradictions.test_rework_retains_prior_case) ... ok
test_same_source_under_new_handoff_alias (test_manufacturing_adversarial.ManufacturingContradictions.test_same_source_under_new_handoff_alias) ... ok
test_stale_owner_full_result (test_manufacturing_adversarial.ManufacturingContradictions.test_stale_owner_full_result) ... ok
test_all_public_routes_separate_from_internal (test_orchestration.Foundation.test_all_public_routes_separate_from_internal) ... ok
test_challenge_invalidates_and_propagates (test_orchestration.Foundation.test_challenge_invalidates_and_propagates) ... ok
test_conditional_fx_selection (test_orchestration.Foundation.test_conditional_fx_selection) ... ok
test_conditional_warranty_selection (test_orchestration.Foundation.test_conditional_warranty_selection) ... ok
test_context_conflict_not_assumption_fact (test_orchestration.Foundation.test_context_conflict_not_assumption_fact) ... ok
test_context_precedes_questions (test_orchestration.Foundation.test_context_precedes_questions) ... ok
test_cycle_unknown_owner_malformed_plan (test_orchestration.Foundation.test_cycle_unknown_owner_malformed_plan) ... ok
test_dependency_order_and_parallel_wave (test_orchestration.Foundation.test_dependency_order_and_parallel_wave) ... ok
test_duplicate_economic_consumption (test_orchestration.Foundation.test_duplicate_economic_consumption) ... ok
test_explicit_independent_immaterial_gap (test_orchestration.Foundation.test_explicit_independent_immaterial_gap) ... ok
test_flagship_actual_multi_owner (test_orchestration.Foundation.test_flagship_actual_multi_owner) ... ok
test_graph_validation_and_reopen (test_orchestration.Foundation.test_graph_validation_and_reopen) ... ok
test_invalid_lifecycle (test_orchestration.Foundation.test_invalid_lifecycle) ... ok
test_material_unavailable_owner_partial (test_orchestration.Foundation.test_material_unavailable_owner_partial) ... ok
test_no_approved_context_mutation (test_orchestration.Foundation.test_no_approved_context_mutation) ... ok
test_no_irrelevant_owners (test_orchestration.Foundation.test_no_irrelevant_owners) ... ok
test_normal_bad_input_structured (test_orchestration.Foundation.test_normal_bad_input_structured) ... ok
test_optional_context_does_not_block (test_orchestration.Foundation.test_optional_context_does_not_block) ... ok
test_public_contamination_fails_closed (test_orchestration.Foundation.test_public_contamination_fails_closed) ... ok
test_registry_single_truth (test_orchestration.Foundation.test_registry_single_truth) ... ok
test_semantic_metric_mismatch (test_orchestration.Foundation.test_semantic_metric_mismatch) ... ok
test_simple_ap_is_one_owner (test_orchestration.Foundation.test_simple_ap_is_one_owner) ... ok
test_source_owner_contradiction_not_selected (test_orchestration.Foundation.test_source_owner_contradiction_not_selected) ... ok
test_stale_case_certification_not_generated (test_orchestration.Foundation.test_stale_case_certification_not_generated) ... ok
test_unknown_materiality_does_not_ignore_gap (test_orchestration.Foundation.test_unknown_materiality_does_not_ignore_gap) ... ok
test_wrong_dimensions_and_currency (test_orchestration.Foundation.test_wrong_dimensions_and_currency) ... ok
test_blocked_to_closed (test_persistence.DurableAttacks.test_blocked_to_closed) ... ok
test_broken_dependency (test_persistence.DurableAttacks.test_broken_dependency) ... ok
test_duplicate_current (test_persistence.DurableAttacks.test_duplicate_current) ... ok
test_duplicate_legal_journal (test_persistence.DurableAttacks.test_duplicate_legal_journal) ... ok
test_equal_value_wrong_lineage (test_persistence.DurableAttacks.test_equal_value_wrong_lineage) ... ok
test_future_contract (test_persistence.DurableAttacks.test_future_contract) ... ok
test_invalid_case_transition (test_persistence.DurableAttacks.test_invalid_case_transition) ... ok
test_legal_group_layer_substitution (test_persistence.DurableAttacks.test_legal_group_layer_substitution) ... ok
test_missing_challenge (test_persistence.DurableAttacks.test_missing_challenge) ... ok
test_missing_documentation (test_persistence.DurableAttacks.test_missing_documentation) ... ok
test_missing_required_approval (test_persistence.DurableAttacks.test_missing_required_approval) ... ok
test_missing_required_object (test_persistence.DurableAttacks.test_missing_required_object) ... ok
test_missing_source (test_persistence.DurableAttacks.test_missing_source) ... ok
test_missing_transition_history (test_persistence.DurableAttacks.test_missing_transition_history) ... ok
test_missing_version (test_persistence.DurableAttacks.test_missing_version) ... ok
test_opening_comparative_substitution (test_persistence.DurableAttacks.test_opening_comparative_substitution) ... ok
test_parent_child_contamination (test_persistence.DurableAttacks.test_parent_child_contamination) ... ok
test_partial_to_complete (test_persistence.DurableAttacks.test_partial_to_complete) ... ok
test_public_privacy_contamination (test_persistence.DurableAttacks.test_public_privacy_contamination) ... ok
test_same_display_different_identity_preserved (test_persistence.DurableAttacks.test_same_display_different_identity_preserved) ... ok
test_source_payload_changed (test_persistence.DurableAttacks.test_source_payload_changed) ... ok
test_source_population_shortened (test_persistence.DurableAttacks.test_source_population_shortened) ... ok
test_superseded_reactivated (test_persistence.DurableAttacks.test_superseded_reactivated) ... ok
test_unknown_field (test_persistence.DurableAttacks.test_unknown_field) ... ok
test_wrong_calendar (test_persistence.DurableAttacks.test_wrong_calendar) ... ok
test_wrong_case (test_persistence.DurableAttacks.test_wrong_case) ... ok
test_wrong_company (test_persistence.DurableAttacks.test_wrong_company) ... ok
test_wrong_currency (test_persistence.DurableAttacks.test_wrong_currency) ... ok
test_wrong_framework (test_persistence.DurableAttacks.test_wrong_framework) ... ok
test_wrong_layer_receipt (test_persistence.DurableAttacks.test_wrong_layer_receipt) ... ok
test_wrong_owner_binding (test_persistence.DurableAttacks.test_wrong_owner_binding) ... ok
test_wrong_period (test_persistence.DurableAttacks.test_wrong_period) ... ok
test_wrong_period_receipt (test_persistence.DurableAttacks.test_wrong_period_receipt) ... ok
test_wrong_scope (test_persistence.DurableAttacks.test_wrong_scope) ... ok
test_wrong_scope_receipt (test_persistence.DurableAttacks.test_wrong_scope_receipt) ... ok
test_wrong_version_receipt (test_persistence.DurableAttacks.test_wrong_version_receipt) ... ok
test_all_public_routes_keep_private_state (test_persistence.NativeRestart.test_all_public_routes_keep_private_state) ... ok
test_complete_checkpoint_restores_closed (test_persistence.NativeRestart.test_complete_checkpoint_restores_closed) ... ok
test_historical_stale_superseded_receipts_rejected (test_persistence.NativeRestart.test_historical_stale_superseded_receipts_rejected) ... ok
test_independent_process_restart (test_persistence.NativeRestart.test_independent_process_restart) ... ok
test_iteration_order_independent (test_persistence.NativeRestart.test_iteration_order_independent) ... ok
test_partial_and_closed_cases_retained (test_persistence.NativeRestart.test_partial_and_closed_cases_retained) ... ok
test_repeat_restore_exact_identities (test_persistence.NativeRestart.test_repeat_restore_exact_identities) ... ok
test_restore_has_no_journal_side_effect (test_persistence.NativeRestart.test_restore_has_no_journal_side_effect) ... ok
test_atomic_interrupted_checkpoint (test_persistence.StorageAttacks.test_atomic_interrupted_checkpoint) ... ok
test_concurrent_revision_conflict (test_persistence.StorageAttacks.test_concurrent_revision_conflict) ... ok
test_correct_revision_cannot_truncate_immutable_history (test_persistence.StorageAttacks.test_correct_revision_cannot_truncate_immutable_history) ... ok
test_corrupted_payload (test_persistence.StorageAttacks.test_corrupted_payload) ... ok
test_deterministic_serialization (test_persistence.StorageAttacks.test_deterministic_serialization) ... ok
test_failed_schema_initialization_rollback (test_persistence.StorageAttacks.test_failed_schema_initialization_rollback) ... ok
test_future_schema (test_persistence.StorageAttacks.test_future_schema) ... ok
test_historical_revisions_immutable (test_persistence.StorageAttacks.test_historical_revisions_immutable) ... ok
test_missing_root_namespace (test_persistence.StorageAttacks.test_missing_root_namespace) ... ok
test_noop_migration_fixture (test_persistence.StorageAttacks.test_noop_migration_fixture) ... ok
test_partial_object_write (test_persistence.StorageAttacks.test_partial_object_write) ... ok
test_process_death_mid_transaction_recovers_last_commit (test_persistence.StorageAttacks.test_process_death_mid_transaction_recovers_last_commit) ... ok
test_reader_only_committed_checkpoint (test_persistence.StorageAttacks.test_reader_only_committed_checkpoint) ... ok
test_real_file_and_fresh_connection (test_persistence.StorageAttacks.test_real_file_and_fresh_connection) ... ok
test_stale_writer (test_persistence.StorageAttacks.test_stale_writer) ... ok
test_process_restart_artifacts_reproduce (test_persistence_artifacts.DurableArtifactReproduction.test_process_restart_artifacts_reproduce) ... ok
test_accepted_stage4_roundtrip (test_persistence_compatibility.Stage4CheckpointCompatibility.test_accepted_stage4_roundtrip) ... ok
test_changed_raw_source_old_fingerprint (test_persistence_compatibility.Stage4CheckpointCompatibility.test_changed_raw_source_old_fingerprint) ... ok
test_current_private_public_boundary (test_persistence_compatibility.Stage4CheckpointCompatibility.test_current_private_public_boundary) ... ok
test_duplicate_group_elimination_rejected (test_persistence_compatibility.Stage4CheckpointCompatibility.test_duplicate_group_elimination_rejected) ... ok
test_exact_once_group_and_legal_inventory (test_persistence_compatibility.Stage4CheckpointCompatibility.test_exact_once_group_and_legal_inventory) ... ok
test_fresh_store_reconstructs_native_stage4 (test_persistence_compatibility.Stage4CheckpointCompatibility.test_fresh_store_reconstructs_native_stage4) ... ok
test_missing_sealed_evidence_rejected (test_persistence_compatibility.Stage4CheckpointCompatibility.test_missing_sealed_evidence_rejected) ... ok
test_no_accounting_execution_or_release_during_restore (test_persistence_compatibility.Stage4CheckpointCompatibility.test_no_accounting_execution_or_release_during_restore) ... ok
test_opening_and_comparative_stay_distinct (test_persistence_compatibility.Stage4CheckpointCompatibility.test_opening_and_comparative_stay_distinct) ... ok
test_restore_source_population_exact (test_persistence_compatibility.Stage4CheckpointCompatibility.test_restore_source_population_exact) ... ok
test_superseded_legal_journal_not_current (test_persistence_compatibility.Stage4CheckpointCompatibility.test_superseded_legal_journal_not_current) ... ok
test_unreviewed_evidence_cannot_be_restored_as_reviewed (test_persistence_compatibility.Stage4CheckpointCompatibility.test_unreviewed_evidence_cannot_be_restored_as_reviewed) ... ok
test_wrong_reviewed_pack (test_persistence_compatibility.Stage4CheckpointCompatibility.test_wrong_reviewed_pack) ... ok
test_all_historical_receipts_stay_disqualified (test_persistence_independent.IndependentGovernance.test_all_historical_receipts_stay_disqualified) ... ok
test_case_history_cannot_skip_challenge (test_persistence_independent.IndependentGovernance.test_case_history_cannot_skip_challenge) ... ok
test_case_type_substitution_is_rejected_not_normalized (test_persistence_independent.IndependentGovernance.test_case_type_substitution_is_rejected_not_normalized) ... ok
test_complete_node_requires_payload (test_persistence_independent.IndependentGovernance.test_complete_node_requires_payload) ... ok
test_context_company_identity_cannot_diverge (test_persistence_independent.IndependentGovernance.test_context_company_identity_cannot_diverge) ... ok
test_context_population_cannot_diverge_from_runtime_context (test_persistence_independent.IndependentGovernance.test_context_population_cannot_diverge_from_runtime_context) ... ok
test_currentness_cannot_be_rewritten_even_for_equal_payload (test_persistence_independent.IndependentGovernance.test_currentness_cannot_be_rewritten_even_for_equal_payload) ... ok
test_duplicate_historical_typed_receipt_is_rejected (test_persistence_independent.IndependentGovernance.test_duplicate_historical_typed_receipt_is_rejected) ... ok
test_false_closed_case_missing_observer_is_rejected (test_persistence_independent.IndependentGovernance.test_false_closed_case_missing_observer_is_rejected) ... ok
test_graph_invalidation_history_missing_node_is_rejected (test_persistence_independent.IndependentGovernance.test_graph_invalidation_history_missing_node_is_rejected) ... ok
test_historical_source_payload_is_separate_from_latest_source (test_persistence_independent.IndependentGovernance.test_historical_source_payload_is_separate_from_latest_source) ... ok
test_legacy_intake_missing_archive_rejected (test_persistence_independent.IndependentGovernance.test_legacy_intake_missing_archive_rejected) ... ok
test_legacy_native_manufacturing_exact_roundtrip (test_persistence_independent.IndependentGovernance.test_legacy_native_manufacturing_exact_roundtrip) ... ok
test_legacy_stale_execution_label_remains_inert (test_persistence_independent.IndependentGovernance.test_legacy_stale_execution_label_remains_inert) ... ok
test_missing_historical_typed_receipt_is_rejected (test_persistence_independent.IndependentGovernance.test_missing_historical_typed_receipt_is_rejected) ... ok
test_private_checkpoint_not_public_output (test_persistence_independent.IndependentGovernance.test_private_checkpoint_not_public_output) ... ok
test_public_calculation_provenance_population_is_checked (test_persistence_independent.IndependentGovernance.test_public_calculation_provenance_population_is_checked) ... ok
test_restoration_never_executes_accounting_or_closes_case (test_persistence_independent.IndependentGovernance.test_restoration_never_executes_accounting_or_closes_case) ... ok
test_rework_history_missing_upstream_version_is_rejected (test_persistence_independent.IndependentGovernance.test_rework_history_missing_upstream_version_is_rejected) ... ok
test_same_display_names_do_not_merge_entities (test_persistence_independent.IndependentGovernance.test_same_display_names_do_not_merge_entities) ... ok
test_temporal_type_relabel_without_exact_identity_fails (test_persistence_independent.IndependentGovernance.test_temporal_type_relabel_without_exact_identity_fails) ... ok
test_database_trigger_abort_rolls_back_real_partial_insert (test_persistence_independent.IndependentSQLite.test_database_trigger_abort_rolls_back_real_partial_insert) ... ok
test_interleaved_independent_connections_reject_obsolete_writer (test_persistence_independent.IndependentSQLite.test_interleaved_independent_connections_reject_obsolete_writer) ... ok
test_malformed_schema_does_not_initialize_over_existing_data (test_persistence_independent.IndependentSQLite.test_malformed_schema_does_not_initialize_over_existing_data) ... ok
test_noncanonical_and_unknown_value_types_fail_closed (test_persistence_independent.IndependentSQLite.test_noncanonical_and_unknown_value_types_fail_closed) ... ok
test_abandon_pure_uncommitted_operation_is_explicit (test_persistence_stage2.DurableLifecycleTests.test_abandon_pure_uncommitted_operation_is_explicit) ... ok
test_actual_sqlite_outcome_transaction_failure (test_persistence_stage2.DurableLifecycleTests.test_actual_sqlite_outcome_transaction_failure) ... ok
test_after_native_before_checkpoint_discards_partial_state (test_persistence_stage2.DurableLifecycleTests.test_after_native_before_checkpoint_discards_partial_state) ... ok
test_after_preparation_can_recover (test_persistence_stage2.DurableLifecycleTests.test_after_preparation_can_recover) ... ok
test_changed_reviewed_pack_refused (test_persistence_stage2.DurableLifecycleTests.test_changed_reviewed_pack_refused) ... ok
test_closed_period_without_authorization_refused (test_persistence_stage2.DurableLifecycleTests.test_closed_period_without_authorization_refused) ... ok
test_corrupt_dependency_graph_refused (test_persistence_stage2.DurableLifecycleTests.test_corrupt_dependency_graph_refused) ... ok
test_duplicate_group_elimination_native_refusal (test_persistence_stage2.DurableLifecycleTests.test_duplicate_group_elimination_native_refusal) ... ok
test_duplicate_legal_selection_native_refusal (test_persistence_stage2.DurableLifecycleTests.test_duplicate_legal_selection_native_refusal) ... ok
test_duplicate_transition_refused (test_persistence_stage2.DurableLifecycleTests.test_duplicate_transition_refused) ... ok
test_failure_before_preparation_keeps_baseline (test_persistence_stage2.DurableLifecycleTests.test_failure_before_preparation_keeps_baseline) ... ok
test_failure_during_owner_replays_from_prepared (test_persistence_stage2.DurableLifecycleTests.test_failure_during_owner_replays_from_prepared) ... ok
test_failure_while_invalidating_is_not_committed (test_persistence_stage2.DurableLifecycleTests.test_failure_while_invalidating_is_not_committed) ... ok
test_interrupted_journal_selection_replays_same_inventory (test_persistence_stage2.DurableLifecycleTests.test_interrupted_journal_selection_replays_same_inventory) ... ok
test_interrupted_reopening_has_no_partial_authorization (test_persistence_stage2.DurableLifecycleTests.test_interrupted_reopening_has_no_partial_authorization) ... ok
test_journal_selection_repeated_without_duplicate (test_persistence_stage2.DurableLifecycleTests.test_journal_selection_repeated_without_duplicate) ... ok
test_legal_group_layer_substitution_refused (test_persistence_stage2.DurableLifecycleTests.test_legal_group_layer_substitution_refused) ... ok
test_lost_ack_does_not_publish_again (test_persistence_stage2.DurableLifecycleTests.test_lost_ack_does_not_publish_again) ... ok
test_missing_actual_sealed_correction_evidence (test_persistence_stage2.DurableLifecycleTests.test_missing_actual_sealed_correction_evidence) ... ok
test_missing_dependency_receipt_refused (test_persistence_stage2.DurableLifecycleTests.test_missing_dependency_receipt_refused) ... ok
test_missing_rework_history_refused (test_persistence_stage2.DurableLifecycleTests.test_missing_rework_history_refused) ... ok
test_native_rework_exact_order_and_unaffected_versions (test_persistence_stage2.DurableLifecycleTests.test_native_rework_exact_order_and_unaffected_versions) ... ok
test_no_false_closure_after_correction_or_interrupt (test_persistence_stage2.DurableLifecycleTests.test_no_false_closure_after_correction_or_interrupt) ... ok
test_old_committed_outcome_is_explicitly_historical (test_persistence_stage2.DurableLifecycleTests.test_old_committed_outcome_is_explicitly_historical) ... ok
test_opening_comparative_substitution_refused (test_persistence_stage2.DurableLifecycleTests.test_opening_comparative_substitution_refused) ... ok
test_operation_payload_corruption_refused (test_persistence_stage2.DurableLifecycleTests.test_operation_payload_corruption_refused) ... ok
test_pending_operation_blocks_uncoordinated_writer (test_persistence_stage2.DurableLifecycleTests.test_pending_operation_blocks_uncoordinated_writer) ... ok
test_period_history_cannot_be_erased_by_new_revision (test_persistence_stage2.DurableLifecycleTests.test_period_history_cannot_be_erased_by_new_revision) ... ok
test_preparation_transaction_rolls_back (test_persistence_stage2.DurableLifecycleTests.test_preparation_transaction_rolls_back) ... ok
test_prepare_cannot_smuggle_uncommitted_accounting (test_persistence_stage2.DurableLifecycleTests.test_prepare_cannot_smuggle_uncommitted_accounting) ... ok
test_prepare_exact_semantics_and_retry (test_persistence_stage2.DurableLifecycleTests.test_prepare_exact_semantics_and_retry) ... ok
test_preview_only_rework_evidence_refused (test_persistence_stage2.DurableLifecycleTests.test_preview_only_rework_evidence_refused) ... ok
test_public_output_never_leaks_operation_intents (test_persistence_stage2.DurableLifecycleTests.test_public_output_never_leaks_operation_intents) ... ok
test_reopening_exact_authorization_survives_restart (test_persistence_stage2.DurableLifecycleTests.test_reopening_exact_authorization_survives_restart) ... ok
test_rewritten_immutable_source_refused (test_persistence_stage2.DurableLifecycleTests.test_rewritten_immutable_source_refused) ... ok
test_same_value_superseded_receipts_remain_historical (test_persistence_stage2.DurableLifecycleTests.test_same_value_superseded_receipts_remain_historical) ... ok
test_separate_connection_obsolete_writer (test_persistence_stage2.DurableLifecycleTests.test_separate_connection_obsolete_writer) ... ok
test_stale_case_cannot_reclose_period (test_persistence_stage2.DurableLifecycleTests.test_stale_case_cannot_reclose_period) ... ok
test_stale_dependency_cannot_select_journals (test_persistence_stage2.DurableLifecycleTests.test_stale_dependency_cannot_select_journals) ... ok
test_uncertain_external_outcome_fails_closed (test_persistence_stage2.DurableLifecycleTests.test_uncertain_external_outcome_fails_closed) ... ok
test_wrong_company_operation_refused (test_persistence_stage2.DurableLifecycleTests.test_wrong_company_operation_refused) ... ok
test_wrong_receipt_dimensions_and_version_refused (test_persistence_stage2.DurableLifecycleTests.test_wrong_receipt_dimensions_and_version_refused) ... ok
test_wrong_rework_order_refused (test_persistence_stage2.DurableLifecycleTests.test_wrong_rework_order_refused) ... ok
test_wrong_root_case_operation_refused (test_persistence_stage2.DurableLifecycleTests.test_wrong_root_case_operation_refused) ... ok
test_migration_failure_rolls_back (test_persistence_stage2.SchemaMigrationTests.test_migration_failure_rolls_back) ... ok
test_mixed_schema1_rejected (test_persistence_stage2.SchemaMigrationTests.test_mixed_schema1_rejected) ... ok
test_schema1_migration_preserves_original_bytes (test_persistence_stage2.SchemaMigrationTests.test_schema1_migration_preserves_original_bytes) ... ok
test_interrupted_accounting_artifacts_reproduce (test_persistence_stage2_artifacts.DurableRecoveryArtifactReproduction.test_interrupted_accounting_artifacts_reproduce) ... ok
test_all_native_rework_history_cannot_be_erased (test_persistence_stage2_independent.IndependentRecoveryTests.test_all_native_rework_history_cannot_be_erased) ... ok
test_all_public_routes_exclude_private_recovery_provenance (test_persistence_stage2_independent.IndependentRecoveryTests.test_all_public_routes_exclude_private_recovery_provenance) ... ok
test_blocked_closure_cannot_retry_without_new_reviewed_intent (test_persistence_stage2_independent.IndependentRecoveryTests.test_blocked_closure_cannot_retry_without_new_reviewed_intent) ... ok
test_committed_correction_plan_must_match_native_rework_history (test_persistence_stage2_independent.IndependentRecoveryTests.test_committed_correction_plan_must_match_native_rework_history) ... ok
test_committed_journal_receipt_must_match_native_outcome_checkpoint (test_persistence_stage2_independent.IndependentRecoveryTests.test_committed_journal_receipt_must_match_native_outcome_checkpoint) ... ok
test_committed_outcome_event_cannot_disappear_on_plain_load (test_persistence_stage2_independent.IndependentRecoveryTests.test_committed_outcome_event_cannot_disappear_on_plain_load) ... ok
test_deleted_marker_detected_even_with_foreign_keys_disabled (test_persistence_stage2_independent.IndependentRecoveryTests.test_deleted_marker_detected_even_with_foreign_keys_disabled) ... ok
test_duplicate_preparation_transition_refused_on_plain_load (test_persistence_stage2_independent.IndependentRecoveryTests.test_duplicate_preparation_transition_refused_on_plain_load) ... ok
test_group_population_cannot_be_legal_relabelled (test_persistence_stage2_independent.IndependentRecoveryTests.test_group_population_cannot_be_legal_relabelled) ... ok
test_lost_ack_retry_no_owner_execution_or_new_revision (test_persistence_stage2_independent.IndependentRecoveryTests.test_lost_ack_retry_no_owner_execution_or_new_revision) ... ok
test_mid_selective_owner_interruption_replays_exact_native_unit (test_persistence_stage2_independent.IndependentRecoveryTests.test_mid_selective_owner_interruption_replays_exact_native_unit) ... ok
test_native_rework_transition_cannot_be_duplicated (test_persistence_stage2_independent.IndependentRecoveryTests.test_native_rework_transition_cannot_be_duplicated) ... ok
test_old_current_receipt_cannot_qualify_equal_value_new_lineage (test_persistence_stage2_independent.IndependentRecoveryTests.test_old_current_receipt_cannot_qualify_equal_value_new_lineage) ... ok
test_one_native_rework_transition_cannot_be_omitted (test_persistence_stage2_independent.IndependentRecoveryTests.test_one_native_rework_transition_cannot_be_omitted) ... ok
test_pending_correction_does_not_execute_on_restore (test_persistence_stage2_independent.IndependentRecoveryTests.test_pending_correction_does_not_execute_on_restore) ... ok
test_prepared_event_cannot_disappear_on_plain_load (test_persistence_stage2_independent.IndependentRecoveryTests.test_prepared_event_cannot_disappear_on_plain_load) ... ok
test_prepared_operation_cannot_disappear_from_durable_history (test_persistence_stage2_independent.IndependentRecoveryTests.test_prepared_operation_cannot_disappear_from_durable_history) ... ok
test_prepared_source_cannot_change_after_identity_binding (test_persistence_stage2_independent.IndependentRecoveryTests.test_prepared_source_cannot_change_after_identity_binding) ... ok
test_same_result_journals_no_duplicate_after_new_selection_operation (test_persistence_stage2_independent.IndependentRecoveryTests.test_same_result_journals_no_duplicate_after_new_selection_operation) ... ok
test_two_real_processes_recover_one_operation_once (test_persistence_stage2_independent.IndependentRecoveryTests.test_two_real_processes_recover_one_operation_once) ... ok
test_uncertain_external_marker_cannot_disappear (test_persistence_stage2_independent.IndependentRecoveryTests.test_uncertain_external_marker_cannot_disappear) ... ok
test_candidate_cannot_approve_decision (test_persistence_stage3.CompanyMemoryTests.test_candidate_cannot_approve_decision) ... ok
test_candidate_cannot_supply_native_inputs (test_persistence_stage3.CompanyMemoryTests.test_candidate_cannot_supply_native_inputs) ... ok
test_case_checkpoint_without_memory_publication_grants_no_authority (test_persistence_stage3.CompanyMemoryTests.test_case_checkpoint_without_memory_publication_grants_no_authority) ... ok
test_changed_sealed_payload (test_persistence_stage3.CompanyMemoryTests.test_changed_sealed_payload) ... ok
test_competing_connections_stale_revision (test_persistence_stage3.CompanyMemoryTests.test_competing_connections_stale_revision) ... ok
test_conflicting_candidate_preserved_and_blocks (test_persistence_stage3.CompanyMemoryTests.test_conflicting_candidate_preserved_and_blocks) ... ok
test_corrupt_memory_hash (test_persistence_stage3.CompanyMemoryTests.test_corrupt_memory_hash) ... ok
test_cross_company_record (test_persistence_stage3.CompanyMemoryTests.test_cross_company_record) ... ok
test_decision_language_is_only_an_unresolved_proposal (test_persistence_stage3.CompanyMemoryTests.test_decision_language_is_only_an_unresolved_proposal) ... ok
test_decision_new_position_must_match_context (test_persistence_stage3.CompanyMemoryTests.test_decision_new_position_must_match_context) ... ok
test_deleted_memory_record (test_persistence_stage3.CompanyMemoryTests.test_deleted_memory_record) ... ok
test_different_framework_positions_are_not_combined (test_persistence_stage3.CompanyMemoryTests.test_different_framework_positions_are_not_combined) ... ok
test_documentary_approval_requires_exact_source_envelope (test_persistence_stage3.CompanyMemoryTests.test_documentary_approval_requires_exact_source_envelope) ... ok
test_duplicate_current_approval (test_persistence_stage3.CompanyMemoryTests.test_duplicate_current_approval) ... ok
test_duplicate_event_sql_identity (test_persistence_stage3.CompanyMemoryTests.test_duplicate_event_sql_identity) ... ok
test_effective_is_not_learned (test_persistence_stage3.CompanyMemoryTests.test_effective_is_not_learned) ... ok
test_equal_value_wrong_provenance (test_persistence_stage3.CompanyMemoryTests.test_equal_value_wrong_provenance) ... ok
test_exact_case_consumption_snapshot (test_persistence_stage3.CompanyMemoryTests.test_exact_case_consumption_snapshot) ... ok
test_five_linked_projections (test_persistence_stage3.CompanyMemoryTests.test_five_linked_projections) ... ok
test_future_memory_contract (test_persistence_stage3.CompanyMemoryTests.test_future_memory_contract) ... ok
test_governed_decision_lifecycle (test_persistence_stage3.CompanyMemoryTests.test_governed_decision_lifecycle) ... ok
test_historical_context_separate (test_persistence_stage3.CompanyMemoryTests.test_historical_context_separate) ... ok
test_inferred_assertion_cannot_be_relabelled (test_persistence_stage3.CompanyMemoryTests.test_inferred_assertion_cannot_be_relabelled) ... ok
test_interrupted_publication_rolls_back (test_persistence_stage3.CompanyMemoryTests.test_interrupted_publication_rolls_back) ... ok
test_invalid_effective_interval (test_persistence_stage3.CompanyMemoryTests.test_invalid_effective_interval) ... ok
test_lost_ack_retry_same_event (test_persistence_stage3.CompanyMemoryTests.test_lost_ack_retry_same_event) ... ok
test_material_decision_requires_rationale (test_persistence_stage3.CompanyMemoryTests.test_material_decision_requires_rationale) ... ok
test_memory_does_not_override_owner (test_persistence_stage3.CompanyMemoryTests.test_memory_does_not_override_owner) ... ok
test_missing_historical_event (test_persistence_stage3.CompanyMemoryTests.test_missing_historical_event) ... ok
test_missing_source (test_persistence_stage3.CompanyMemoryTests.test_missing_source) ... ok
test_model_approval_claim (test_persistence_stage3.CompanyMemoryTests.test_model_approval_claim) ... ok
test_native_owners_not_invoked (test_persistence_stage3.CompanyMemoryTests.test_native_owners_not_invoked) ... ok
test_no_explicit_intent (test_persistence_stage3.CompanyMemoryTests.test_no_explicit_intent) ... ok
test_no_journal_action (test_persistence_stage3.CompanyMemoryTests.test_no_journal_action) ... ok
test_nonoverlapping_historical_positions_not_conflict (test_persistence_stage3.CompanyMemoryTests.test_nonoverlapping_historical_positions_not_conflict) ... ok
test_old_retracted_record_cannot_reapprove (test_persistence_stage3.CompanyMemoryTests.test_old_retracted_record_cannot_reapprove) ... ok
test_opening_comparative_substitution (test_persistence_stage3.CompanyMemoryTests.test_opening_comparative_substitution) ... ok
test_partial_effective_period_does_not_reuse (test_persistence_stage3.CompanyMemoryTests.test_partial_effective_period_does_not_reuse) ... ok
test_private_memory_excluded_public (test_persistence_stage3.CompanyMemoryTests.test_private_memory_excluded_public) ... ok
test_proposed_restart_is_not_approved (test_persistence_stage3.CompanyMemoryTests.test_proposed_restart_is_not_approved) ... ok
test_qualified_intake_context_suppresses_question (test_persistence_stage3.CompanyMemoryTests.test_qualified_intake_context_suppresses_question) ... ok
test_retracted_record_refused (test_persistence_stage3.CompanyMemoryTests.test_retracted_record_refused) ... ok
test_reusability_gate (test_persistence_stage3.CompanyMemoryTests.test_reusability_gate) ... ok
test_rewritten_immutable_lineage (test_persistence_stage3.CompanyMemoryTests.test_rewritten_immutable_lineage) ... ok
test_same_display_name_distinct_company (test_persistence_stage3.CompanyMemoryTests.test_same_display_name_distinct_company) ... ok
test_superseded_result_refused (test_persistence_stage3.CompanyMemoryTests.test_superseded_result_refused) ... ok
test_synthetic_authentication (test_persistence_stage3.CompanyMemoryTests.test_synthetic_authentication) ... ok
test_transient_fact_gate (test_persistence_stage3.CompanyMemoryTests.test_transient_fact_gate) ... ok
test_unknown_company (test_persistence_stage3.CompanyMemoryTests.test_unknown_company) ... ok
test_unknown_date_not_fabricated (test_persistence_stage3.CompanyMemoryTests.test_unknown_date_not_fabricated) ... ok
test_unknown_stored_type (test_persistence_stage3.CompanyMemoryTests.test_unknown_stored_type) ... ok
test_unreviewed_approval (test_persistence_stage3.CompanyMemoryTests.test_unreviewed_approval) ... ok
test_wrong_calendar (test_persistence_stage3.CompanyMemoryTests.test_wrong_calendar) ... ok
test_wrong_currency (test_persistence_stage3.CompanyMemoryTests.test_wrong_currency) ... ok
test_wrong_framework (test_persistence_stage3.CompanyMemoryTests.test_wrong_framework) ... ok
test_wrong_jurisdiction (test_persistence_stage3.CompanyMemoryTests.test_wrong_jurisdiction) ... ok
test_wrong_period (test_persistence_stage3.CompanyMemoryTests.test_wrong_period) ... ok
test_wrong_reviewed_bundle (test_persistence_stage3.CompanyMemoryTests.test_wrong_reviewed_bundle) ... ok
test_wrong_scope (test_persistence_stage3.CompanyMemoryTests.test_wrong_scope) ... ok
test_migration_failure_rolls_back (test_persistence_stage3.MemoryMigration.test_migration_failure_rolls_back) ... ok
test_repeated_initialization (test_persistence_stage3.MemoryMigration.test_repeated_initialization) ... ok
test_schema2_migration_retains_bytes (test_persistence_stage3.MemoryMigration.test_schema2_migration_retains_bytes) ... ok
test_seven_process_native_proof_and_complete_envelopes_reproduce (test_persistence_stage3_artifacts.MemoryArtifactProof.test_seven_process_native_proof_and_complete_envelopes_reproduce) ... ok
test_decision_language_preserves_proposal_unknown_dates_without_approval (test_persistence_stage3_independent.IndependentApprovalSemantics.test_decision_language_preserves_proposal_unknown_dates_without_approval) ... ok
test_inferred_candidate_retained_but_cannot_be_approved (test_persistence_stage3_independent.IndependentApprovalSemantics.test_inferred_candidate_retained_but_cannot_be_approved) ... ok
test_inferred_claim_cannot_be_relabeled_as_source_fact (test_persistence_stage3_independent.IndependentApprovalSemantics.test_inferred_claim_cannot_be_relabeled_as_source_fact) ... ok
test_negative_documentary_wording_never_approves (test_persistence_stage3_independent.IndependentApprovalSemantics.test_negative_documentary_wording_never_approves) ... ok
test_rehashed_observer_value_cannot_substitute_bool_for_integer (test_persistence_stage3_independent.IndependentApprovalSemantics.test_rehashed_observer_value_cannot_substitute_bool_for_integer) ... ok
test_actual_competing_promotion_connections_publish_one_approved_position (test_persistence_stage3_independent.IndependentExtractedMemoryAttacks.test_actual_competing_promotion_connections_publish_one_approved_position) ... ok
test_candidate_cannot_assert_approved_decision_without_governance (test_persistence_stage3_independent.IndependentExtractedMemoryAttacks.test_candidate_cannot_assert_approved_decision_without_governance) ... ok
test_capture_cannot_drop_source_evidence (test_persistence_stage3_independent.IndependentExtractedMemoryAttacks.test_capture_cannot_drop_source_evidence) ... ok
test_compound_resolution_is_idempotent_after_lost_ack (test_persistence_stage3_independent.IndependentExtractedMemoryAttacks.test_compound_resolution_is_idempotent_after_lost_ack) ... ok
test_documentary_approval_cannot_use_ordinary_system_source (test_persistence_stage3_independent.IndependentExtractedMemoryAttacks.test_documentary_approval_cannot_use_ordinary_system_source) ... ok
test_empty_governance_sources_refused (test_persistence_stage3_independent.IndependentExtractedMemoryAttacks.test_empty_governance_sources_refused) ... ok
test_explicit_intent_required (test_persistence_stage3_independent.IndependentExtractedMemoryAttacks.test_explicit_intent_required) ... ok
test_inverted_effective_dates_refused (test_persistence_stage3_independent.IndependentExtractedMemoryAttacks.test_inverted_effective_dates_refused) ... ok
test_linked_decision_new_position_cannot_contradict_context_value (test_persistence_stage3_independent.IndependentExtractedMemoryAttacks.test_linked_decision_new_position_cannot_contradict_context_value) ... ok
test_lost_ack_retry_keeps_exact_transition (test_persistence_stage3_independent.IndependentExtractedMemoryAttacks.test_lost_ack_retry_keeps_exact_transition) ... ok
test_memory_derived_context_cannot_launder_into_independent_documented_truth (test_persistence_stage3_independent.IndependentExtractedMemoryAttacks.test_memory_derived_context_cannot_launder_into_independent_documented_truth) ... ok
test_planning_cannot_substitute_valid_other_fiscal_calendar_same_dates (test_persistence_stage3_independent.IndependentExtractedMemoryAttacks.test_planning_cannot_substitute_valid_other_fiscal_calendar_same_dates) ... ok
test_planning_memory_use_cannot_substitute_equal_value_wrong_provenance (test_persistence_stage3_independent.IndependentExtractedMemoryAttacks.test_planning_memory_use_cannot_substitute_equal_value_wrong_provenance) ... ok
test_public_native_answer_does_not_expose_memory_ledger (test_persistence_stage3_independent.IndependentExtractedMemoryAttacks.test_public_native_answer_does_not_expose_memory_ledger) ... ok
test_restored_decision_cannot_claim_approval_on_documented_position (test_persistence_stage3_independent.IndependentExtractedMemoryAttacks.test_restored_decision_cannot_claim_approval_on_documented_position) ... ok
test_restored_use_cannot_bypass_effective_period (test_persistence_stage3_independent.IndependentExtractedMemoryAttacks.test_restored_use_cannot_bypass_effective_period) ... ok
test_source_semantic_assertion_cannot_be_rewritten (test_persistence_stage3_independent.IndependentExtractedMemoryAttacks.test_source_semantic_assertion_cannot_be_rewritten) ... ok
test_sqlite_interruption_rolls_back_entire_conflict_resolution (test_persistence_stage3_independent.IndependentExtractedMemoryAttacks.test_sqlite_interruption_rolls_back_entire_conflict_resolution) ... ok
test_synthetic_authority_cannot_claim_authentication (test_persistence_stage3_independent.IndependentExtractedMemoryAttacks.test_synthetic_authority_cannot_claim_authentication) ... ok
test_two_connections_stale_writer_cannot_add_transition (test_persistence_stage3_independent.IndependentExtractedMemoryAttacks.test_two_connections_stale_writer_cannot_add_transition) ... ok
test_unknown_date_cannot_carry_fabricated_value (test_persistence_stage3_independent.IndependentExtractedMemoryAttacks.test_unknown_date_cannot_carry_fabricated_value) ... ok
test_wrong_calendar_cannot_be_captured (test_persistence_stage3_independent.IndependentExtractedMemoryAttacks.test_wrong_calendar_cannot_be_captured) ... ok
test_wrong_framework_cannot_be_captured (test_persistence_stage3_independent.IndependentExtractedMemoryAttacks.test_wrong_framework_cannot_be_captured) ... ok
test_separate_case_reuses_exact_memory_after_two_process_restarts (test_persistence_stage3_independent.IndependentFreshProcessReuse.test_separate_case_reuses_exact_memory_after_two_process_restarts) ... ok
test_proposal_not_current_context (test_persistence_stage3_independent.IndependentMemoryAttacks.test_proposal_not_current_context) ... ok
test_restored_supersession_must_validate_successor_lineage (test_persistence_stage3_independent.IndependentMemoryAttacks.test_restored_supersession_must_validate_successor_lineage) ... ok
test_supersession_cannot_use_self_as_successor (test_persistence_stage3_independent.IndependentMemoryAttacks.test_supersession_cannot_use_self_as_successor) ... ok
test_unknown_company_cannot_retrieve (test_persistence_stage3_independent.IndependentMemoryAttacks.test_unknown_company_cannot_retrieve) ... ok
test_unknown_consuming_case_in_history_rejected (test_persistence_stage3_independent.IndependentMemoryAttacks.test_unknown_consuming_case_in_history_rejected) ... ok
test_unknown_historical_consumption_version_rejected (test_persistence_stage3_independent.IndependentMemoryAttacks.test_unknown_historical_consumption_version_rejected) ... ok
test_valid_context_consumption_remains_readable (test_persistence_stage3_independent.IndependentMemoryAttacks.test_valid_context_consumption_remains_readable) ... ok
test_current_migration_handler_rejects_mixed_table_contract (test_persistence_stage3_independent.IndependentMigrationBoundary.test_current_migration_handler_rejects_mixed_table_contract) ... ok
test_future_actual_schema_cannot_use_current_migration_handler (test_persistence_stage3_independent.IndependentMigrationBoundary.test_future_actual_schema_cannot_use_current_migration_handler) ... ok
test_existing_current_result_of_other_native_case_cannot_support_memory (test_persistence_stage3_independent.IndependentNativeSupportingCaseBoundary.test_existing_current_result_of_other_native_case_cannot_support_memory) ... ok
test_native_durable_correction_stales_dependent_memory_support (test_persistence_stage3_independent.IndependentNativeSupportingCaseBoundary.test_native_durable_correction_stales_dependent_memory_support) ... ok
test_registered_period_of_wrong_scope_calendar_cannot_qualify_memory (test_persistence_stage3_independent.IndependentNativeSupportingCaseBoundary.test_registered_period_of_wrong_scope_calendar_cannot_qualify_memory) ... ok
test_registered_relationship_of_other_period_cannot_qualify_memory (test_persistence_stage3_independent.IndependentNativeSupportingCaseBoundary.test_registered_relationship_of_other_period_cannot_qualify_memory) ... ok
test_capture_starts_proposed_without_approval (test_persistence_stage4.DurableIntegration.test_capture_starts_proposed_without_approval) ... ok
test_changed_raw_company_evidence_refuses_sealed_intake (test_persistence_stage4.DurableIntegration.test_changed_raw_company_evidence_refuses_sealed_intake) ... ok
test_deleted_memory_event_refuses_real_ledger (test_persistence_stage4.DurableIntegration.test_deleted_memory_event_refuses_real_ledger) ... ok
test_deleted_source_snapshot_refuses_restore (test_persistence_stage4.DurableIntegration.test_deleted_source_snapshot_refuses_restore) ... ok
test_explicit_synthetic_documentation_stays_unauthenticated (test_persistence_stage4.DurableIntegration.test_explicit_synthetic_documentation_stays_unauthenticated) ... ok
test_governed_intake_preserves_exact_sealed_candidates (test_persistence_stage4.DurableIntegration.test_governed_intake_preserves_exact_sealed_candidates) ... ok
test_governed_successor_reuses_current_context_with_retired_history (test_persistence_stage4.DurableIntegration.test_governed_successor_reuses_current_context_with_retired_history) ... ok
test_group_memory_does_not_inherit_to_legal_entity (test_persistence_stage4.DurableIntegration.test_group_memory_does_not_inherit_to_legal_entity) ... ok
test_memory_capture_does_not_publish_accounting_or_journals (test_persistence_stage4.DurableIntegration.test_memory_capture_does_not_publish_accounting_or_journals) ... ok
test_memory_context_cannot_substitute_for_reviewed_input_pack (test_persistence_stage4.DurableIntegration.test_memory_context_cannot_substitute_for_reviewed_input_pack) ... ok
test_memory_reference_cannot_replace_native_receipt (test_persistence_stage4.DurableIntegration.test_memory_reference_cannot_replace_native_receipt) ... ok
test_memory_write_revalidates_native_state_before_commit (test_persistence_stage4.DurableIntegration.test_memory_write_revalidates_native_state_before_commit) ... ok
test_model_inference_cannot_be_approved (test_persistence_stage4.DurableIntegration.test_model_inference_cannot_be_approved) ... ok
test_native_accounting_is_unchanged (test_persistence_stage4.DurableIntegration.test_native_accounting_is_unchanged) ... ok
test_native_original_conflict_remains_partial (test_persistence_stage4.DurableIntegration.test_native_original_conflict_remains_partial) ... ok
test_public_routes_hide_memory_and_recovery_archives (test_persistence_stage4.DurableIntegration.test_public_routes_hide_memory_and_recovery_archives) ... ok
test_retracted_context_is_retained_but_refused (test_persistence_stage4.DurableIntegration.test_retracted_context_is_retained_but_refused) ... ok
test_retracted_history_cannot_veto_or_substitute_current_context (test_persistence_stage4.DurableIntegration.test_retracted_history_cannot_veto_or_substitute_current_context) ... ok
test_unapproved_equal_value_alternative_still_blocks_intake (test_persistence_stage4.DurableIntegration.test_unapproved_equal_value_alternative_still_blocks_intake) ... ok
test_warm_memory_does_not_hide_later_checkpoint_corruption (test_persistence_stage4.DurableIntegration.test_warm_memory_does_not_hide_later_checkpoint_corruption) ... ok
test_wrong_company_namespace_refuses (test_persistence_stage4.DurableIntegration.test_wrong_company_namespace_refuses) ... ok
test_wrong_native_case_support_refuses (test_persistence_stage4.DurableIntegration.test_wrong_native_case_support_refuses) ... ok
test_wrong_period_cannot_reuse_group_context (test_persistence_stage4.DurableIntegration.test_wrong_period_cannot_reuse_group_context) ... ok
test_fresh_process_full_company_proof_reproduces_and_restores (test_persistence_stage4_artifacts.FullDurableArtifactProof.test_fresh_process_full_company_proof_reproduces_and_restores) ... ok
test_active_stale_support_cannot_be_hidden_by_new_equal_value_position (test_persistence_stage4_independent.DurableIntegrationIndependent.test_active_stale_support_cannot_be_hidden_by_new_equal_value_position) ... ok
test_actual_source_correction_stales_exact_support_and_only_real_consumers (test_persistence_stage4_independent.DurableIntegrationIndependent.test_actual_source_correction_stales_exact_support_and_only_real_consumers) ... ok
test_cached_native_read_never_survives_commit_to_later_corrupt_checkpoint (test_persistence_stage4_independent.DurableIntegrationIndependent.test_cached_native_read_never_survives_commit_to_later_corrupt_checkpoint) ... ok
test_concurrent_memory_promotion_and_actual_source_correction_serialize (test_persistence_stage4_independent.DurableIntegrationIndependent.test_concurrent_memory_promotion_and_actual_source_correction_serialize) ... ok
test_context_only_reuse_never_adds_source_case_financial_edge (test_persistence_stage4_independent.DurableIntegrationIndependent.test_context_only_reuse_never_adds_source_case_financial_edge) ... ok
test_context_record_cannot_bypass_native_reviewed_input (test_persistence_stage4_independent.DurableIntegrationIndependent.test_context_record_cannot_bypass_native_reviewed_input) ... ok
test_context_reference_cannot_replace_native_receipt (test_persistence_stage4_independent.DurableIntegrationIndependent.test_context_reference_cannot_replace_native_receipt) ... ok
test_current_memory_is_exact_root_owned_native_support (test_persistence_stage4_independent.DurableIntegrationIndependent.test_current_memory_is_exact_root_owned_native_support) ... ok
test_current_unresolved_company_case_remains_partial_after_restart (test_persistence_stage4_independent.DurableIntegrationIndependent.test_current_unresolved_company_case_remains_partial_after_restart) ... ok
test_documentary_approval_requires_actual_sealed_envelope (test_persistence_stage4_independent.DurableIntegrationIndependent.test_documentary_approval_requires_actual_sealed_envelope) ... ok
test_equal_value_unapproved_active_alternative_still_blocks_intake (test_persistence_stage4_independent.DurableIntegrationIndependent.test_equal_value_unapproved_active_alternative_still_blocks_intake) ... ok
test_failed_sqlite_transition_clears_cache_without_promoting_memory (test_persistence_stage4_independent.DurableIntegrationIndependent.test_failed_sqlite_transition_clears_cache_without_promoting_memory) ... ok
test_governed_successor_can_be_reused_without_historical_position_substitution (test_persistence_stage4_independent.DurableIntegrationIndependent.test_governed_successor_can_be_reused_without_historical_position_substitution) ... ok
test_group_memory_does_not_inherit_into_legal_entity (test_persistence_stage4_independent.DurableIntegrationIndependent.test_group_memory_does_not_inherit_into_legal_entity) ... ok
test_native_reporting_temporal_and_journal_invariants (test_persistence_stage4_independent.DurableIntegrationIndependent.test_native_reporting_temporal_and_journal_invariants) ... ok
test_original_conflict_and_correction_remain_immutable (test_persistence_stage4_independent.DurableIntegrationIndependent.test_original_conflict_and_correction_remain_immutable) ... ok
test_other_company_namespace_refuses_real_checkpoint (test_persistence_stage4_independent.DurableIntegrationIndependent.test_other_company_namespace_refuses_real_checkpoint) ... ok
test_public_routes_exclude_private_memory_and_storage (test_persistence_stage4_independent.DurableIntegrationIndependent.test_public_routes_exclude_private_memory_and_storage) ... ok
test_restore_and_current_retrieval_are_read_only (test_persistence_stage4_independent.DurableIntegrationIndependent.test_restore_and_current_retrieval_are_read_only) ... ok
test_retracted_alternative_cannot_veto_or_substitute_current_exact_version (test_persistence_stage4_independent.DurableIntegrationIndependent.test_retracted_alternative_cannot_veto_or_substitute_current_exact_version) ... ok
test_sealed_governed_intake_preserves_exact_proposed_candidate (test_persistence_stage4_independent.DurableIntegrationIndependent.test_sealed_governed_intake_preserves_exact_proposed_candidate) ... ok
test_synthetic_transition_never_authenticates (test_persistence_stage4_independent.DurableIntegrationIndependent.test_synthetic_transition_never_authenticates) ... ok
test_temporal_role_cannot_be_replaced_by_memory_equal_value (test_persistence_stage4_independent.DurableIntegrationIndependent.test_temporal_role_cannot_be_replaced_by_memory_equal_value) ... ok
test_warm_memory_lookup_cannot_hide_later_operation_history_corruption (test_persistence_stage4_independent.DurableIntegrationIndependent.test_warm_memory_lookup_cannot_hide_later_operation_history_corruption) ... ok
test_wrong_case_refuses_native_memory_consumption (test_persistence_stage4_independent.DurableIntegrationIndependent.test_wrong_case_refuses_native_memory_consumption) ... ok
test_ar_customer_total_mismatch (test_saas_acceptance_independent.IndependentSaaSAcceptance.test_ar_customer_total_mismatch) ... ok
test_bridge_residuals_and_hypothesis (test_saas_acceptance_independent.IndependentSaaSAcceptance.test_bridge_residuals_and_hypothesis) ... ok
test_budget_not_prior_actual (test_saas_acceptance_independent.IndependentSaaSAcceptance.test_budget_not_prior_actual) ... ok
test_changed_original_due_date_cannot_reuse_hardcoded_owner (test_saas_acceptance_independent.IndependentSaaSAcceptance.test_changed_original_due_date_cannot_reuse_hardcoded_owner) ... ok
test_contract_liability_cannot_be_ar_metric (test_saas_acceptance_independent.IndependentSaaSAcceptance.test_contract_liability_cannot_be_ar_metric) ... ok
test_dso_definition_cannot_change (test_saas_acceptance_independent.IndependentSaaSAcceptance.test_dso_definition_cannot_change) ... ok
test_duplicate_receipt_bank_id (test_saas_acceptance_independent.IndependentSaaSAcceptance.test_duplicate_receipt_bank_id) ... ok
test_ecl_exposure_bucket_reclassification_without_ar_evidence (test_saas_acceptance_independent.IndependentSaaSAcceptance.test_ecl_exposure_bucket_reclassification_without_ar_evidence) ... ok
test_executable_source_lineage_three_quantitative_owners (test_saas_acceptance_independent.IndependentSaaSAcceptance.test_executable_source_lineage_three_quantitative_owners) ... ok
test_foreign_amount_changed (test_saas_acceptance_independent.IndependentSaaSAcceptance.test_foreign_amount_changed) ... ok
test_foreign_currency_cannot_be_relabelled (test_saas_acceptance_independent.IndependentSaaSAcceptance.test_foreign_currency_cannot_be_relabelled) ... ok
test_fs_stale_owner_result_invalidates (test_saas_acceptance_independent.IndependentSaaSAcceptance.test_fs_stale_owner_result_invalidates) ... ok
test_fx_cannot_be_revenue_metric (test_saas_acceptance_independent.IndependentSaaSAcceptance.test_fx_cannot_be_revenue_metric) ... ok
test_incomplete_close_task_rejected (test_saas_acceptance_independent.IndependentSaaSAcceptance.test_incomplete_close_task_rejected) ... ok
test_irrelevant_owners_excluded (test_saas_acceptance_independent.IndependentSaaSAcceptance.test_irrelevant_owners_excluded) ... ok
test_journal_atoms_cannot_be_omitted_doubled_or_forged (test_saas_acceptance_independent.IndependentSaaSAcceptance.test_journal_atoms_cannot_be_omitted_doubled_or_forged) ... ok
test_journal_ownership_mutation_stales_review (test_saas_acceptance_independent.IndependentSaaSAcceptance.test_journal_ownership_mutation_stales_review) ... ok
test_malformed_loss_rate_dates_are_rejected (test_saas_acceptance_independent.IndependentSaaSAcceptance.test_malformed_loss_rate_dates_are_rejected) ... ok
test_material_source_conflict_never_clean (test_saas_acceptance_independent.IndependentSaaSAcceptance.test_material_source_conflict_never_clean) ... ok
test_material_unresolved_reconciliation_not_clean (test_saas_acceptance_independent.IndependentSaaSAcceptance.test_material_unresolved_reconciliation_not_clean) ... ok
test_narrow_ar_and_ecl_required_dependencies_only (test_saas_acceptance_independent.IndependentSaaSAcceptance.test_narrow_ar_and_ecl_required_dependencies_only) ... ok
test_narrow_revenue_does_not_expand_close (test_saas_acceptance_independent.IndependentSaaSAcceptance.test_narrow_revenue_does_not_expand_close) ... ok
test_owner_result_billing_cash_confusion_rejected (test_saas_acceptance_independent.IndependentSaaSAcceptance.test_owner_result_billing_cash_confusion_rejected) ... ok
test_owner_result_billing_metric_cannot_masquerade_as_revenue (test_saas_acceptance_independent.IndependentSaaSAcceptance.test_owner_result_billing_metric_cannot_masquerade_as_revenue) ... ok
test_owner_result_binding_cannot_use_prior_actual (test_saas_acceptance_independent.IndependentSaaSAcceptance.test_owner_result_binding_cannot_use_prior_actual) ... ok
test_owner_result_binding_stale_qualification_rejected (test_saas_acceptance_independent.IndependentSaaSAcceptance.test_owner_result_binding_stale_qualification_rejected) ... ok
test_owner_result_binding_wrong_path_rejected (test_saas_acceptance_independent.IndependentSaaSAcceptance.test_owner_result_binding_wrong_path_rejected) ... ok
test_public_privacy_retains_limitations (test_saas_acceptance_independent.IndependentSaaSAcceptance.test_public_privacy_retains_limitations) ... ok
test_reopened_and_late_journal_remain_visible (test_saas_acceptance_independent.IndependentSaaSAcceptance.test_reopened_and_late_journal_remain_visible) ... ok
test_revenue_billing_cash_and_liability_are_distinct (test_saas_acceptance_independent.IndependentSaaSAcceptance.test_revenue_billing_cash_and_liability_are_distinct) ... ok
test_source_binding_changes_rejected (test_saas_acceptance_independent.IndependentSaaSAcceptance.test_source_binding_changes_rejected) ... ok
test_source_duplicate_bank_population (test_saas_acceptance_independent.IndependentSaaSAcceptance.test_source_duplicate_bank_population) ... ok
test_source_invoice_population_duplicate_and_omission (test_saas_acceptance_independent.IndependentSaaSAcceptance.test_source_invoice_population_duplicate_and_omission) ... ok
test_source_output_measure_economics_are_coherent (test_saas_acceptance_independent.IndependentSaaSAcceptance.test_source_output_measure_economics_are_coherent) ... ok
test_stale_fx_owner_result (test_saas_acceptance_independent.IndependentSaaSAcceptance.test_stale_fx_owner_result) ... ok
test_stale_loss_rate_table_is_rejected (test_saas_acceptance_independent.IndependentSaaSAcceptance.test_stale_loss_rate_table_is_rejected) ... ok
test_unapplied_cash_cannot_be_ignored (test_saas_acceptance_independent.IndependentSaaSAcceptance.test_unapplied_cash_cannot_be_ignored) ... ok
test_unreviewed_loss_rate_table_is_rejected (test_saas_acceptance_independent.IndependentSaaSAcceptance.test_unreviewed_loss_rate_table_is_rejected) ... ok
test_wrong_entity_period_currency_rejected (test_saas_acceptance_independent.IndependentSaaSAcceptance.test_wrong_entity_period_currency_rejected) ... ok
test_wrong_framework_credit_method (test_saas_acceptance_independent.IndependentSaaSAcceptance.test_wrong_framework_credit_method) ... ok
test_wrong_fx_item_or_duplicate_position (test_saas_acceptance_independent.IndependentSaaSAcceptance.test_wrong_fx_item_or_duplicate_position) ... ok
test_ar_and_ecl_have_semantic_fact_families (test_saas_architecture_independent.SaaSArchitectureIndependent.test_ar_and_ecl_have_semantic_fact_families) ... ok
test_ar_foreign_invoice_is_explicitly_unsupported_not_silently_converted (test_saas_architecture_independent.SaaSArchitectureIndependent.test_ar_foreign_invoice_is_explicitly_unsupported_not_silently_converted) ... ok
test_ar_gl_remeasurement_has_no_supported_movement_slot (test_saas_architecture_independent.SaaSArchitectureIndependent.test_ar_gl_remeasurement_has_no_supported_movement_slot) ... ok
test_reporting_mapping_cannot_suppress_duplicate_economic_event (test_saas_architecture_independent.SaaSArchitectureIndependent.test_reporting_mapping_cannot_suppress_duplicate_economic_event) ... ok
test_revenue_and_ar_both_emit_billing_and_cash_journals (test_saas_architecture_independent.SaaSArchitectureIndependent.test_revenue_and_ar_both_emit_billing_and_cash_journals) ... ok
test_complete_artifact_population_reproduces (test_saas_artifacts.SaaSArtifacts.test_complete_artifact_population_reproduces) ... ok
test_accounting_escalation_uses_ecl_owner (test_saas_flagship.SaaSFlagship.test_accounting_escalation_uses_ecl_owner) ... ok
test_all_bridges_have_zero_explicit_residual (test_saas_flagship.SaaSFlagship.test_all_bridges_have_zero_explicit_residual) ... ok
test_ar_only_requires_its_actual_fx_exposure (test_saas_flagship.SaaSFlagship.test_ar_only_requires_its_actual_fx_exposure) ... ok
test_clean_control_completes (test_saas_flagship.SaaSFlagship.test_clean_control_completes) ... ok
test_contract_asset_cannot_be_billed_receivable (test_saas_flagship.SaaSFlagship.test_contract_asset_cannot_be_billed_receivable) ... ok
test_contract_liability_cannot_replace_ar (test_saas_flagship.SaaSFlagship.test_contract_liability_cannot_replace_ar) ... ok
test_customer_to_gl_disagreement_rejected (test_saas_flagship.SaaSFlagship.test_customer_to_gl_disagreement_rejected) ... ok
test_dso_formula_is_snapshot_billings_and_calendar_days (test_saas_flagship.SaaSFlagship.test_dso_formula_is_snapshot_billings_and_calendar_days) ... ok
test_ecl_only_requires_actual_exposure_not_entire_close (test_saas_flagship.SaaSFlagship.test_ecl_only_requires_actual_exposure_not_entire_close) ... ok
test_effective_date_is_not_approval_date (test_saas_flagship.SaaSFlagship.test_effective_date_is_not_approval_date) ... ok
test_foreign_original_amount_source_rejected (test_saas_flagship.SaaSFlagship.test_foreign_original_amount_source_rejected) ... ok
test_fx_not_revenue_growth (test_saas_flagship.SaaSFlagship.test_fx_not_revenue_growth) ... ok
test_fx_remeasurement_cannot_be_missing (test_saas_flagship.SaaSFlagship.test_fx_remeasurement_cannot_be_missing) ... ok
test_growth_only_collection_explanation_rejected (test_saas_flagship.SaaSFlagship.test_growth_only_collection_explanation_rejected) ... ok
test_invoice_cannot_replace_revenue (test_saas_flagship.SaaSFlagship.test_invoice_cannot_replace_revenue) ... ok
test_irrelevant_production_and_unavailable_owners_excluded (test_saas_flagship.SaaSFlagship.test_irrelevant_production_and_unavailable_owners_excluded) ... ok
test_late_journal_and_authorized_reopen_exposed (test_saas_flagship.SaaSFlagship.test_late_journal_and_authorized_reopen_exposed) ... ok
test_material_close_conflicts_are_partial (test_saas_flagship.SaaSFlagship.test_material_close_conflicts_are_partial) ... ok
test_material_unexplained_reconciliation_not_complete (test_saas_flagship.SaaSFlagship.test_material_unexplained_reconciliation_not_complete) ... ok
test_memory_candidates_not_promoted (test_saas_flagship.SaaSFlagship.test_memory_candidates_not_promoted) ... ok
test_modes_are_scoped_to_close_investigation (test_saas_flagship.SaaSFlagship.test_modes_are_scoped_to_close_investigation) ... ok
test_owner_results_complete_without_certifying_sources (test_saas_flagship.SaaSFlagship.test_owner_results_complete_without_certifying_sources) ... ok
test_public_answer_no_internal_provenance (test_saas_flagship.SaaSFlagship.test_public_answer_no_internal_provenance) ... ok
test_public_journals_count_postings_once_and_balance (test_saas_flagship.SaaSFlagship.test_public_journals_count_postings_once_and_balance) ... ok
test_receipt_cannot_replace_revenue (test_saas_flagship.SaaSFlagship.test_receipt_cannot_replace_revenue) ... ok
test_receipt_duplicate_rejected (test_saas_flagship.SaaSFlagship.test_receipt_duplicate_rejected) ... ok
test_reconciliation_difference_not_plugged (test_saas_flagship.SaaSFlagship.test_reconciliation_difference_not_plugged) ... ok
test_reopened_period_needs_evidence (test_saas_flagship.SaaSFlagship.test_reopened_period_needs_evidence) ... ok
test_revenue_only_stays_bounded (test_saas_flagship.SaaSFlagship.test_revenue_only_stays_bounded) ... ok
test_three_material_lineages_reach_source_rows (test_saas_flagship.SaaSFlagship.test_three_material_lineages_reach_source_rows) ... ok
test_unapproved_journal_cannot_complete (test_saas_flagship.SaaSFlagship.test_unapproved_journal_cannot_complete) ... ok
test_unqualified_rate_change_is_source_mismatch (test_saas_flagship.SaaSFlagship.test_unqualified_rate_change_is_source_mismatch) ... ok
test_unresolved_close_task_cannot_complete (test_saas_flagship.SaaSFlagship.test_unresolved_close_task_cannot_complete) ... ok
test_wrong_due_date_source_rejected (test_saas_flagship.SaaSFlagship.test_wrong_due_date_source_rejected) ... ok
test_wrong_invoice_date_source_rejected (test_saas_flagship.SaaSFlagship.test_wrong_invoice_date_source_rejected) ... ok
test_wrong_source_journal_approval_date_rejected (test_saas_flagship.SaaSFlagship.test_wrong_source_journal_approval_date_rejected) ... ok
test_alias_duplicate_across_two_native_lines (test_scope_independent.IndependentScopeQA.test_alias_duplicate_across_two_native_lines) ... ok
test_artifact_regeneration_exact (test_scope_independent.IndependentScopeQA.test_artifact_regeneration_exact) ... ok
test_collision_id_despite_distinct_legal_id (test_scope_independent.IndependentScopeQA.test_collision_id_despite_distinct_legal_id) ... ok
test_coordinated_mixed_source_population (test_scope_independent.IndependentScopeQA.test_coordinated_mixed_source_population) ... ok
test_coordinated_wrong_source_population (test_scope_independent.IndependentScopeQA.test_coordinated_wrong_source_population) ... ok
test_currency_dimension_native_poison (test_scope_independent.IndependentScopeQA.test_currency_dimension_native_poison) ... ok
test_equal_value_whole_receipt_swap (test_scope_independent.IndependentScopeQA.test_equal_value_whole_receipt_swap) ... ok
test_framework_recertification_does_not_authorize_scope_change (test_scope_independent.IndependentScopeQA.test_framework_recertification_does_not_authorize_scope_change) ... ok
test_group_context_source_must_exist (test_scope_independent.IndependentScopeQA.test_group_context_source_must_exist) ... ok
test_group_context_source_scope_must_match_inventory (test_scope_independent.IndependentScopeQA.test_group_context_source_scope_must_match_inventory) ... ok
test_group_generic_registry_and_owner_nodes (test_scope_independent.IndependentScopeQA.test_group_generic_registry_and_owner_nodes) ... ok
test_group_journal_legal_posting_coordinated_relabel (test_scope_independent.IndependentScopeQA.test_group_journal_legal_posting_coordinated_relabel) ... ok
test_hierarchy_subgroup_cycle (test_scope_independent.IndependentScopeQA.test_hierarchy_subgroup_cycle) ... ok
test_inactive_scope_cannot_produce_current_result (test_scope_independent.IndependentScopeQA.test_inactive_scope_cannot_produce_current_result) ... ok
test_inactive_scope_cannot_receive_current_posting (test_scope_independent.IndependentScopeQA.test_inactive_scope_cannot_receive_current_posting) ... ok
test_independent_identity_serialization_and_reorder (test_scope_independent.IndependentScopeQA.test_independent_identity_serialization_and_reorder) ... ok
test_insertion_no_owner_identity_change (test_scope_independent.IndependentScopeQA.test_insertion_no_owner_identity_change) ... ok
test_journal_currency_agreement_does_not_authorize_relabel (test_scope_independent.IndependentScopeQA.test_journal_currency_agreement_does_not_authorize_relabel) ... ok
test_journal_node_owner_must_match (test_scope_independent.IndependentScopeQA.test_journal_node_owner_must_match) ... ok
test_journal_node_scope_must_match (test_scope_independent.IndependentScopeQA.test_journal_node_scope_must_match) ... ok
test_journal_period_must_be_bounded (test_scope_independent.IndependentScopeQA.test_journal_period_must_be_bounded) ... ok
test_jurisdiction_recertification_does_not_authorize_scope_change (test_scope_independent.IndependentScopeQA.test_jurisdiction_recertification_does_not_authorize_scope_change) ... ok
test_legal_journal_group_posting_coordinated_relabel (test_scope_independent.IndependentScopeQA.test_legal_journal_group_posting_coordinated_relabel) ... ok
test_legitimate_cross_scope_nonduplicate (test_scope_independent.IndependentScopeQA.test_legitimate_cross_scope_nonduplicate) ... ok
test_missing_parent_scope_independent (test_scope_independent.IndependentScopeQA.test_missing_parent_scope_independent) ... ok
test_omitted_expected_producer (test_scope_independent.IndependentScopeQA.test_omitted_expected_producer) ... ok
test_owner_input_package_duplicate_conflict (test_scope_independent.IndependentScopeQA.test_owner_input_package_duplicate_conflict) ... ok
test_parent_metadata_does_not_create_dependency (test_scope_independent.IndependentScopeQA.test_parent_metadata_does_not_create_dependency) ... ok
test_per_scope_fingerprints_sources_and_nodes_distinct (test_scope_independent.IndependentScopeQA.test_per_scope_fingerprints_sources_and_nodes_distinct) ... ok
test_public_nested_internal_identifiers_absent (test_scope_independent.IndependentScopeQA.test_public_nested_internal_identifiers_absent) ... ok
test_qualified_pack_duplicate_fact_binding (test_scope_independent.IndependentScopeQA.test_qualified_pack_duplicate_fact_binding) ... ok
test_qualified_pack_missing_binding (test_scope_independent.IndependentScopeQA.test_qualified_pack_missing_binding) ... ok
test_receipt_currency_dimension_poison (test_scope_independent.IndependentScopeQA.test_receipt_currency_dimension_poison) ... ok
test_receipt_result_fingerprint_equal_value_not_identity (test_scope_independent.IndependentScopeQA.test_receipt_result_fingerprint_equal_value_not_identity) ... ok
test_same_scope_document_metadata_contamination (test_scope_independent.IndependentScopeQA.test_same_scope_document_metadata_contamination) ... ok
test_scope_child_pack_reused_as_other_entity (test_scope_independent.IndependentScopeQA.test_scope_child_pack_reused_as_other_entity) ... ok
test_scope_effective_after_period_cannot_execute_current (test_scope_independent.IndependentScopeQA.test_scope_effective_after_period_cannot_execute_current) ... ok
test_scope_expired_before_period_end_cannot_execute_current (test_scope_independent.IndependentScopeQA.test_scope_expired_before_period_end_cannot_execute_current) ... ok
test_self_parent_scope_independent (test_scope_independent.IndependentScopeQA.test_self_parent_scope_independent) ... ok
test_semantic_unknown_scope_not_registry_write (test_scope_independent.IndependentScopeQA.test_semantic_unknown_scope_not_registry_write) ... ok
test_single_entity_automatic_registry (test_scope_independent.IndependentScopeQA.test_single_entity_automatic_registry) ... ok
test_source_scope_and_entity_metadata_must_agree (test_scope_independent.IndependentScopeQA.test_source_scope_and_entity_metadata_must_agree) ... ok
test_source_without_identity_not_filename_inference (test_scope_independent.IndependentScopeQA.test_source_without_identity_not_filename_inference) ... ok
test_wrong_scope_qualified_document_matching_payload (test_scope_independent.IndependentScopeQA.test_wrong_scope_qualified_document_matching_payload) ... ok
test_ambiguous_scope_never_guessed (test_scopes.RepeatedOwners.test_ambiguous_scope_never_guessed) ... ok
test_equal_value_wrong_scope_substitution (test_scopes.RepeatedOwners.test_equal_value_wrong_scope_substitution) ... ok
test_four_source_to_consumer_lineages (test_scopes.RepeatedOwners.test_four_source_to_consumer_lineages) ... ok
test_gbp_relabel_eur (test_scopes.RepeatedOwners.test_gbp_relabel_eur) ... ok
test_graph_order_does_not_change_results (test_scopes.RepeatedOwners.test_graph_order_does_not_change_results) ... ok
test_group_consumed_as_legal (test_scopes.RepeatedOwners.test_group_consumed_as_legal) ... ok
test_independent_packs_and_sources (test_scopes.RepeatedOwners.test_independent_packs_and_sources) ... ok
test_legal_as_group_without_typed_receipt (test_scopes.RepeatedOwners.test_legal_as_group_without_typed_receipt) ... ok
test_mixed_entity_issue (test_scopes.RepeatedOwners.test_mixed_entity_issue) ... ok
test_nl_as_us (test_scopes.RepeatedOwners.test_nl_as_us) ... ok
test_node_alias_ambiguity_fail_closed (test_scopes.RepeatedOwners.test_node_alias_ambiguity_fail_closed) ... ok
test_package_key_collision_no_overwrite (test_scopes.RepeatedOwners.test_package_key_collision_no_overwrite) ... ok
test_proof_complete_without_conversion_total (test_scopes.RepeatedOwners.test_proof_complete_without_conversion_total) ... ok
test_public_no_fingerprints_or_internal_routing (test_scopes.RepeatedOwners.test_public_no_fingerprints_or_internal_routing) ... ok
test_scope_qualified_questions (test_scopes.RepeatedOwners.test_scope_qualified_questions) ... ok
test_semantic_entity_creation_rejected (test_scopes.RepeatedOwners.test_semantic_entity_creation_rejected) ... ok
test_source_order_does_not_change_facts (test_scopes.RepeatedOwners.test_source_order_does_not_change_facts) ... ok
test_stale_receipt (test_scopes.RepeatedOwners.test_stale_receipt) ... ok
test_uk_as_nl (test_scopes.RepeatedOwners.test_uk_as_nl) ... ok
test_uk_carries_nl_jurisdiction (test_scopes.RepeatedOwners.test_uk_carries_nl_jurisdiction) ... ok
test_uk_gaap_as_ifrs (test_scopes.RepeatedOwners.test_uk_gaap_as_ifrs) ... ok
test_unknown_scope_candidate_remains_unresolved (test_scopes.RepeatedOwners.test_unknown_scope_candidate_remains_unresolved) ... ok
test_us_as_uk (test_scopes.RepeatedOwners.test_us_as_uk) ... ok
test_us_carries_uk_jurisdiction (test_scopes.RepeatedOwners.test_us_carries_uk_jurisdiction) ... ok
test_us_gaap_as_ifrs (test_scopes.RepeatedOwners.test_us_gaap_as_ifrs) ... ok
test_usd_relabel_eur (test_scopes.RepeatedOwners.test_usd_relabel_eur) ... ok
test_wrong_scope_fact_binding (test_scopes.RepeatedOwners.test_wrong_scope_fact_binding) ... ok
test_wrong_scope_reviewed_pack (test_scopes.RepeatedOwners.test_wrong_scope_reviewed_pack) ... ok
test_wrong_source_entity (test_scopes.RepeatedOwners.test_wrong_source_entity) ... ok
test_group_to_legal_journal (test_scopes.ScopedJournals.test_group_to_legal_journal) ... ok
test_identical_cross_scope_events_not_deduplicated (test_scopes.ScopedJournals.test_identical_cross_scope_events_not_deduplicated) ... ok
test_legal_and_group_same_commercial_relation_distinct (test_scopes.ScopedJournals.test_legal_and_group_same_commercial_relation_distinct) ... ok
test_legal_to_group_journal (test_scopes.ScopedJournals.test_legal_to_group_journal) ... ok
test_posting_scope_poisoned_native (test_scopes.ScopedJournals.test_posting_scope_poisoned_native) ... ok
test_same_scope_account_alias (test_scopes.ScopedJournals.test_same_scope_account_alias) ... ok
test_same_scope_duplicate_identity (test_scopes.ScopedJournals.test_same_scope_duplicate_identity) ... ok
test_same_scope_event_description (test_scopes.ScopedJournals.test_same_scope_event_description) ... ok
test_same_scope_nature_alias (test_scopes.ScopedJournals.test_same_scope_nature_alias) ... ok
test_arbitrary_seven_scopes_independently_addressable (test_scopes.Scopes.test_arbitrary_seven_scopes_independently_addressable) ... ok
test_cycle (test_scopes.Scopes.test_cycle) ... ok
test_duplicate_id (test_scopes.Scopes.test_duplicate_id) ... ok
test_hierarchy_not_dependency (test_scopes.Scopes.test_hierarchy_not_dependency) ... ok
test_hierarchy_reorder (test_scopes.Scopes.test_hierarchy_reorder) ... ok
test_illegal_group_child (test_scopes.Scopes.test_illegal_group_child) ... ok
test_illegal_legal_parent (test_scopes.Scopes.test_illegal_legal_parent) ... ok
test_metadata_isolation (test_scopes.Scopes.test_metadata_isolation) ... ok
test_missing_material_dimensions_not_invented (test_scopes.Scopes.test_missing_material_dimensions_not_invented) ... ok
test_missing_parent (test_scopes.Scopes.test_missing_parent) ... ok
test_scope_display_name_identity_stable (test_scopes.Scopes.test_scope_display_name_identity_stable) ... ok
test_self_parent (test_scopes.Scopes.test_self_parent) ... ok
test_silent_type_conversion (test_scopes.Scopes.test_silent_type_conversion) ... ok
test_unrelated_scope_insertion (test_scopes.Scopes.test_unrelated_scope_insertion) ... ok
test_case_duplicate_identity (test_stage2.CaseControls.test_case_duplicate_identity) ... ok
test_case_multiple_objectives (test_stage2.CaseControls.test_case_multiple_objectives) ... ok
test_case_multiple_periods (test_stage2.CaseControls.test_case_multiple_periods) ... ok
test_hierarchies_independent (test_stage2.CaseControls.test_hierarchies_independent) ... ok
test_required_blocked_producer_propagates (test_stage2.CaseControls.test_required_blocked_producer_propagates) ... ok
test_unrelated_child_issue_does_not_block (test_stage2.CaseControls.test_unrelated_child_issue_does_not_block) ... ok
test_wrong_case_period (test_stage2.CaseControls.test_wrong_case_period) ... ok
test_wrong_case_scope (test_stage2.CaseControls.test_wrong_case_scope) ... ok
test_wrong_parent (test_stage2.CaseControls.test_wrong_parent) ... ok
test_calendar_identity_distinct (test_stage2.PeriodControls.test_calendar_identity_distinct) ... ok
test_dates_identity_distinct (test_stage2.PeriodControls.test_dates_identity_distinct) ... ok
test_deterministic_period_identity (test_stage2.PeriodControls.test_deterministic_period_identity) ... ok
test_effective_date_mismatch (test_stage2.PeriodControls.test_effective_date_mismatch) ... ok
test_effective_scope_unknown (test_stage2.PeriodControls.test_effective_scope_unknown) ... ok
test_end_before_start (test_stage2.PeriodControls.test_end_before_start) ... ok
test_identity_relabel (test_stage2.PeriodControls.test_identity_relabel) ... ok
test_malformed_date (test_stage2.PeriodControls.test_malformed_date) ... ok
test_partial_interval_mismatch (test_stage2.PeriodControls.test_partial_interval_mismatch) ... ok
test_period_cycle (test_stage2.PeriodControls.test_period_cycle) ... ok
test_self_relationship (test_stage2.PeriodControls.test_self_relationship) ... ok
test_wrong_comparative (test_stage2.PeriodControls.test_wrong_comparative) ... ok
test_wrong_opening_calendar (test_stage2.PeriodControls.test_wrong_opening_calendar) ... ok
test_wrong_opening_dates (test_stage2.PeriodControls.test_wrong_opening_dates) ... ok
test_central_selective_chain (test_stage2.VersionControls.test_central_selective_chain) ... ok
test_closed_change_fails (test_stage2.VersionControls.test_closed_change_fails) ... ok
test_closed_history_preserved (test_stage2.VersionControls.test_closed_history_preserved) ... ok
test_current_dependency_wrong_calendar (test_stage2.VersionControls.test_current_dependency_wrong_calendar) ... ok
test_dependency_id_stable (test_stage2.VersionControls.test_dependency_id_stable) ... ok
test_direct_invalidation (test_stage2.VersionControls.test_direct_invalidation) ... ok
test_global_invalidation_rejected (test_stage2.VersionControls.test_global_invalidation_rejected) ... ok
test_old_versions_not_current_economics (test_stage2.VersionControls.test_old_versions_not_current_economics) ... ok
test_order_fail_closed (test_stage2.VersionControls.test_order_fail_closed) ... ok
test_public_no_internal_lineage (test_stage2.VersionControls.test_public_no_internal_lineage) ... ok
test_reopening_alone_no_invalidation (test_stage2.VersionControls.test_reopening_alone_no_invalidation) ... ok
test_scope_parent_not_invalidation (test_stage2.VersionControls.test_scope_parent_not_invalidation) ... ok
test_stale_receipt_fails (test_stage2.VersionControls.test_stale_receipt_fails) ... ok
test_superseded_receipt_fails (test_stage2.VersionControls.test_superseded_receipt_fails) ... ok
test_transitive_invalidation (test_stage2.VersionControls.test_transitive_invalidation) ... ok
test_unrelated_rerun_fail_closed (test_stage2.VersionControls.test_unrelated_rerun_fail_closed) ... ok
test_wrong_period_receipt_fails (test_stage2.VersionControls.test_wrong_period_receipt_fails) ... ok
test_wrong_scope_receipt_fails (test_stage2.VersionControls.test_wrong_scope_receipt_fails) ... ok
test_original_comparative_history_preserved (test_stage2_completion.AdditionalLineage.test_original_comparative_history_preserved) ... ok
test_restatement_requires_governed_classification (test_stage2_completion.AdditionalLineage.test_restatement_requires_governed_classification) ... ok
test_subgroup_dependency_currentness_and_selective_rework (test_stage2_completion.AdditionalLineage.test_subgroup_dependency_currentness_and_selective_rework) ... ok
test_exact_node_required (test_stage2_completion.OrdinaryCorrection.test_exact_node_required) ... ok
test_native_closed_correction_blocked (test_stage2_completion.OrdinaryCorrection.test_native_closed_correction_blocked) ... ok
test_ordinary_selective_api (test_stage2_completion.OrdinaryCorrection.test_ordinary_selective_api) ... ok
test_binding_period_substitution (test_stage2_completion.TemporalIntake.test_binding_period_substitution) ... ok
test_issue_round_trip_retains_period (test_stage2_completion.TemporalIntake.test_issue_round_trip_retains_period) ... ok
test_material_period_omission_questions (test_stage2_completion.TemporalIntake.test_material_period_omission_questions) ... ok
test_ordinary_repeated_temporal_execution (test_stage2_completion.TemporalIntake.test_ordinary_repeated_temporal_execution) ... ok
test_owner_scope_alias_ambiguous (test_stage2_completion.TemporalIntake.test_owner_scope_alias_ambiguous) ... ok
test_pack_period_substitution (test_stage2_completion.TemporalIntake.test_pack_period_substitution) ... ok
test_repeated_scope_period_reviewed_packs (test_stage2_completion.TemporalIntake.test_repeated_scope_period_reviewed_packs) ... ok
test_same_dates_wrong_calendar_rejected (test_stage2_completion.TemporalIntake.test_same_dates_wrong_calendar_rejected) ... ok
test_september_source_cannot_certify_october (test_stage2_completion.TemporalIntake.test_september_source_cannot_certify_october) ... ok
test_central_chain_still_selective (test_stage2_final_independent.FinalProofAudit.test_central_chain_still_selective) ... ok
test_comparative_dependency_is_executed (test_stage2_final_independent.FinalProofAudit.test_comparative_dependency_is_executed) ... ok
test_required_unaffected_controls_executable (test_stage2_final_independent.FinalProofAudit.test_required_unaffected_controls_executable) ... ok
test_governed_node_cannot_substitute_registered_dimensions (test_stage2_final_independent.FinalRemediationAttackAudit.test_governed_node_cannot_substitute_registered_dimensions) ... ok
test_local_observation_cannot_relabel_producer_currency (test_stage2_final_independent.FinalRemediationAttackAudit.test_local_observation_cannot_relabel_producer_currency) ... ok
test_closed_period_ordinary_native_execution_fails_closed (test_stage2_final_independent.FinalRuntimeAudit.test_closed_period_ordinary_native_execution_fails_closed) ... ok
test_ordinary_case_qualifies_scope_period (test_stage2_final_independent.FinalRuntimeAudit.test_ordinary_case_qualifies_scope_period) ... ok
test_ordinary_complete_result_has_version_lineage (test_stage2_final_independent.FinalRuntimeAudit.test_ordinary_complete_result_has_version_lineage) ... ok
test_ordinary_completed_nodes_bind_governed_case (test_stage2_final_independent.FinalRuntimeAudit.test_ordinary_completed_nodes_bind_governed_case) ... ok
test_bound_result_must_belong_to_declared_producer (test_stage2_independent.IndependentStage2.test_bound_result_must_belong_to_declared_producer) ... ok
test_bounded_executor_wrong_period_source_rejected (test_stage2_independent.IndependentStage2.test_bounded_executor_wrong_period_source_rejected) ... ok
test_bounded_executor_wrong_scope_source_rejected (test_stage2_independent.IndependentStage2.test_bounded_executor_wrong_scope_source_rejected) ... ok
test_case_objective_identity_is_distinct (test_stage2_independent.IndependentStage2.test_case_objective_identity_is_distinct) ... ok
test_case_period_substitution_identity_rejected (test_stage2_independent.IndependentStage2.test_case_period_substitution_identity_rejected) ... ok
test_case_scope_substitution_identity_rejected (test_stage2_independent.IndependentStage2.test_case_scope_substitution_identity_rejected) ... ok
test_closed_period_ordinary_execution_rejected (test_stage2_independent.IndependentStage2.test_closed_period_ordinary_execution_rejected) ... ok
test_comparative_future_source_rejected (test_stage2_independent.IndependentStage2.test_comparative_future_source_rejected) ... ok
test_current_journal_relabel_period_rejected (test_stage2_independent.IndependentStage2.test_current_journal_relabel_period_rejected) ... ok
test_current_journals_complete_population (test_stage2_independent.IndependentStage2.test_current_journals_complete_population) ... ok
test_dependency_cycle_rollback (test_stage2_independent.IndependentStage2.test_dependency_cycle_rollback) ... ok
test_duplicate_journal_alias_rejected (test_stage2_independent.IndependentStage2.test_duplicate_journal_alias_rejected) ... ok
test_effective_interval_wrong_scope_calendar_rejected (test_stage2_independent.IndependentStage2.test_effective_interval_wrong_scope_calendar_rejected) ... ok
test_equal_amount_stale_group_receipt_rejected (test_stage2_independent.IndependentStage2.test_equal_amount_stale_group_receipt_rejected) ... ok
test_graph_build_determinism (test_stage2_independent.IndependentStage2.test_graph_build_determinism) ... ok
test_history_payload_defensive_copy (test_stage2_independent.IndependentStage2.test_history_payload_defensive_copy) ... ok
test_included_period_outside_source_rejected (test_stage2_independent.IndependentStage2.test_included_period_outside_source_rejected) ... ok
test_new_dependency_cannot_leave_already_current_consumer_unbound (test_stage2_independent.IndependentStage2.test_new_dependency_cannot_leave_already_current_consumer_unbound) ... ok
test_new_journals_once_history_not_extra_postings (test_stage2_independent.IndependentStage2.test_new_journals_once_history_not_extra_postings) ... ok
test_partial_disposal_date_mismatch_rejected (test_stage2_independent.IndependentStage2.test_partial_disposal_date_mismatch_rejected) ... ok
test_period_id_provenance_independent_dates_calendar_sensitive (test_stage2_independent.IndependentStage2.test_period_id_provenance_independent_dates_calendar_sensitive) ... ok
test_period_relationship_cycle_rejected (test_stage2_independent.IndependentStage2.test_period_relationship_cycle_rejected) ... ok
test_public_serialization_omits_internal_dependency_version (test_stage2_independent.IndependentStage2.test_public_serialization_omits_internal_dependency_version) ... ok
test_reopened_period_can_close_preserving_identity (test_stage2_independent.IndependentStage2.test_reopened_period_can_close_preserving_identity) ... ok
test_reopening_creates_no_accounting_reversal (test_stage2_independent.IndependentStage2.test_reopening_creates_no_accounting_reversal) ... ok
test_reopening_nothing_else_stales (test_stage2_independent.IndependentStage2.test_reopening_nothing_else_stales) ... ok
test_repeated_production_owner_scope_and_period_independence (test_stage2_independent.IndependentStage2.test_repeated_production_owner_scope_and_period_independence) ... ok
test_required_binding_cannot_be_omitted_on_publish (test_stage2_independent.IndependentStage2.test_required_binding_cannot_be_omitted_on_publish) ... ok
test_required_blocked_node_with_current_version_blocks_parent (test_stage2_independent.IndependentStage2.test_required_blocked_node_with_current_version_blocks_parent) ... ok
test_rework_plan_reverse_order_rejected (test_stage2_independent.IndependentStage2.test_rework_plan_reverse_order_rejected) ... ok
test_rework_plan_unrelated_append_rejected (test_stage2_independent.IndependentStage2.test_rework_plan_unrelated_append_rejected) ... ok
test_same_amount_superseded_receipt_rejected (test_stage2_independent.IndependentStage2.test_same_amount_superseded_receipt_rejected) ... ok
test_scope_calendar_case_substitution_rejected (test_stage2_independent.IndependentStage2.test_scope_calendar_case_substitution_rejected) ... ok
test_stale_closed_case_enters_rework_with_history (test_stage2_independent.IndependentStage2.test_stale_closed_case_enters_rework_with_history) ... ok
test_superseded_journal_event_rejected (test_stage2_independent.IndependentStage2.test_superseded_journal_event_rejected) ... ok
test_supersession_lineage_cannot_skip_predecessor (test_stage2_independent.IndependentStage2.test_supersession_lineage_cannot_skip_predecessor) ... ok
test_transitive_rework_topological_and_uk_identity_unchanged (test_stage2_independent.IndependentStage2.test_transitive_rework_topological_and_uk_identity_unchanged) ... ok
test_undeclared_child_consumption_rejected (test_stage2_independent.IndependentStage2.test_undeclared_child_consumption_rejected) ... ok
test_wrong_opening_scope_rejected (test_stage2_independent.IndependentStage2.test_wrong_opening_scope_rejected) ... ok
test_wrong_parent_consumption_rejected (test_stage2_independent.IndependentStage2.test_wrong_parent_consumption_rejected) ... ok
test_wrong_period_receipt_equal_amount_rejected (test_stage2_independent.IndependentStage2.test_wrong_period_receipt_equal_amount_rejected) ... ok
test_current_journals_after_restated_prior_exclude_original_economics (test_stage2_release_independent.ReleaseJournalAudit.test_current_journals_after_restated_prior_exclude_original_economics) ... ok
test_economic_alias_cannot_count_same_gross_line_twice (test_stage2_release_independent.ReleaseJournalAudit.test_economic_alias_cannot_count_same_gross_line_twice) ... ok
test_replacement_version_cannot_be_assigned_to_another_owner_event (test_stage2_release_independent.ReleaseJournalAudit.test_replacement_version_cannot_be_assigned_to_another_owner_event) ... ok
test_valid_prior_period_journals_use_actual_scope_effective_interval (test_stage2_release_independent.ReleaseJournalAudit.test_valid_prior_period_journals_use_actual_scope_effective_interval) ... ok
test_as_of_alias_cannot_create_second_actual_period (test_stage2_release_independent.ReleasePeriodAliasAudit.test_as_of_alias_cannot_create_second_actual_period) ... ok
test_cross_calendar_and_distinct_temporal_types_remain_independent (test_stage2_release_independent.ReleasePeriodAliasAudit.test_cross_calendar_and_distinct_temporal_types_remain_independent) ... ok
test_fiscal_label_alias_cannot_create_second_actual_period (test_stage2_release_independent.ReleasePeriodAliasAudit.test_fiscal_label_alias_cannot_create_second_actual_period) ... ok
test_ordinary_label_alias_cannot_duplicate_native_execution (test_stage2_release_independent.ReleasePeriodAliasAudit.test_ordinary_label_alias_cannot_duplicate_native_execution) ... ok
test_document_binding_calendar_cannot_substitute (test_stage2_release_independent.ReleaseTemporalEvidenceAudit.test_document_binding_calendar_cannot_substitute) ... ok
test_governed_plan_cannot_execute_inactive_scope (test_stage2_release_independent.ReleaseTemporalEvidenceAudit.test_governed_plan_cannot_execute_inactive_scope) ... ok
test_native_correction_cannot_bypass_manifest_period_qualification (test_stage2_release_independent.ReleaseTemporalEvidenceAudit.test_native_correction_cannot_bypass_manifest_period_qualification) ... ok
test_october_document_cannot_certify_september (test_stage2_release_independent.ReleaseTemporalEvidenceAudit.test_october_document_cannot_certify_september) ... ok
test_ordinary_later_period_cannot_use_expired_scope (test_stage2_release_independent.ReleaseTemporalEvidenceAudit.test_ordinary_later_period_cannot_use_expired_scope) ... ok
test_ordinary_native_manifest_cannot_substitute_period_identity (test_stage2_release_independent.ReleaseTemporalEvidenceAudit.test_ordinary_native_manifest_cannot_substitute_period_identity) ... ok
test_same_period_document_control_executes (test_stage2_release_independent.ReleaseTemporalEvidenceAudit.test_same_period_document_control_executes) ... ok
test_same_scope_confirmation_questions_keep_both_periods (test_stage2_release_independent.ReleaseTemporalEvidenceAudit.test_same_scope_confirmation_questions_keep_both_periods) ... ok
test_september_established_fact_does_not_answer_october_missing_fact (test_stage2_release_independent.ReleaseTemporalEvidenceAudit.test_september_established_fact_does_not_answer_october_missing_fact) ... ok
test_closed_downstream_blocks_selective_reexecution (test_stage2_release_independent.ReleaseVersionAudit.test_closed_downstream_blocks_selective_reexecution) ... ok
test_equal_value_replacement_rejects_old_receipt (test_stage2_release_independent.ReleaseVersionAudit.test_equal_value_replacement_rejects_old_receipt) ... ok
test_low_level_native_rework_cannot_republish_old_ordinary_synthesis (test_stage2_release_independent.ReleaseVersionAudit.test_low_level_native_rework_cannot_republish_old_ordinary_synthesis) ... ok
test_native_import_cannot_substitute_equal_metric_with_wrong_result_fingerprint (test_stage2_release_independent.ReleaseVersionAudit.test_native_import_cannot_substitute_equal_metric_with_wrong_result_fingerprint) ... ok
test_native_temporal_consumer_requires_current_reviewed_receipts (test_stage2_release_independent.ReleaseVersionAudit.test_native_temporal_consumer_requires_current_reviewed_receipts) ... ok
test_ordinary_correction_refresh_does_not_deliver_previous_amount (test_stage2_release_independent.ReleaseVersionAudit.test_ordinary_correction_refresh_does_not_deliver_previous_amount) ... ok
test_reopened_authorization_cannot_expand_to_other_node (test_stage2_release_independent.ReleaseVersionAudit.test_reopened_authorization_cannot_expand_to_other_node) ... ok
test_restatement_preserves_original_and_rejects_original_comparative_receipt (test_stage2_release_independent.ReleaseVersionAudit.test_restatement_preserves_original_and_rejects_original_comparative_receipt) ... ok
test_second_correction_before_rework_retains_all_pending_consumers (test_stage2_release_independent.ReleaseVersionAudit.test_second_correction_before_rework_retains_all_pending_consumers) ... ok
test_subgroup_stales_and_retains_unaffected_entity_versions (test_stage2_release_independent.ReleaseVersionAudit.test_subgroup_stales_and_retains_unaffected_entity_versions) ... ok
test_account_and_display_aliases_do_not_change_identity (test_stage3.Stage3.test_account_and_display_aliases_do_not_change_identity) ... ok
test_alias_cannot_reuse_legal_book_event (test_stage3.Stage3.test_alias_cannot_reuse_legal_book_event) ... ok
test_all_residual_categories_registered (test_stage3.Stage3.test_all_residual_categories_registered) ... ok
test_business_edges_do_not_create_dependencies (test_stage3.Stage3.test_business_edges_do_not_create_dependencies) ... ok
test_business_triangle_and_acyclic_execution (test_stage3.Stage3.test_business_triangle_and_acyclic_execution) ... ok
test_correction_selectively_stales_six_consumers (test_stage3.Stage3.test_correction_selectively_stales_six_consumers) ... ok
test_counterparty_fail_closed (test_stage3.Stage3.test_counterparty_fail_closed) ... ok
test_cross_layer_raw_local_basis_cannot_feed_group (test_stage3.Stage3.test_cross_layer_raw_local_basis_cannot_feed_group) ... ok
test_cross_layer_receipts_reject_field_substitution (test_stage3.Stage3.test_cross_layer_receipts_reject_field_substitution) ... ok
test_cross_period_preserved (test_stage3.Stage3.test_cross_period_preserved) ... ok
test_current_posting_layers_are_distinct (test_stage3.Stage3.test_current_posting_layers_are_distinct) ... ok
test_decision_requires_exact_current_versions (test_stage3.Stage3.test_decision_requires_exact_current_versions) ... ok
test_dependency_cycle_rejected (test_stage3.Stage3.test_dependency_cycle_rejected) ... ok
test_duplicate_posting_alias_cannot_evade_allocator (test_stage3.Stage3.test_duplicate_posting_alias_cannot_evade_allocator) ... ok
test_four_relationships_and_both_legal_sides (test_stage3.Stage3.test_four_relationships_and_both_legal_sides) ... ok
test_framework_qualified_native_reassessment (test_stage3.Stage3.test_framework_qualified_native_reassessment) ... ok
test_fs_cannot_substitute_balanced_unqualified_tb (test_stage3.Stage3.test_fs_cannot_substitute_balanced_unqualified_tb) ... ok
test_missing_counterparty_remains_residual (test_stage3.Stage3.test_missing_counterparty_remains_residual) ... ok
test_multi_currency_amounts_preserved (test_stage3.Stage3.test_multi_currency_amounts_preserved) ... ok
test_native_conversion_needs_actual_counterparty_receipt (test_stage3.Stage3.test_native_conversion_needs_actual_counterparty_receipt) ... ok
test_native_source_mapping_omission_rejected (test_stage3.Stage3.test_native_source_mapping_omission_rejected) ... ok
test_native_translation_input_substitution_rejected (test_stage3.Stage3.test_native_translation_input_substitution_rejected) ... ok
test_old_and_replacement_elimination_cannot_both_post (test_stage3.Stage3.test_old_and_replacement_elimination_cannot_both_post) ... ok
test_old_receipts_rejected_after_correction (test_stage3.Stage3.test_old_receipts_rejected_after_correction) ... ok
test_prior_conversion_receipt_cannot_survive_rework (test_stage3.Stage3.test_prior_conversion_receipt_cannot_survive_rework) ... ok
test_public_delivery_blocked_during_rework (test_stage3.Stage3.test_public_delivery_blocked_during_rework) ... ok
test_public_result_preserves_residual_and_qualified_group_values (test_stage3.Stage3.test_public_result_preserves_residual_and_qualified_group_values) ... ok
test_residual_cannot_be_forced_matched (test_stage3.Stage3.test_residual_cannot_be_forced_matched) ... ok
test_selective_reexecute_updates_group_owner_result (test_stage3.Stage3.test_selective_reexecute_updates_group_owner_result) ... ok
test_source_row_and_native_metric_substitution (test_stage3.Stage3.test_source_row_and_native_metric_substitution) ... ok
test_subgroup_counterparty_rejected (test_stage3.Stage3.test_subgroup_counterparty_rejected) ... ok
test_superseded_legal_side_is_not_current (test_stage3.Stage3.test_superseded_legal_side_is_not_current) ... ok
test_transaction_identity_composes_without_changing_legacy (test_stage3.Stage3.test_transaction_identity_composes_without_changing_legacy) ... ok
test_transaction_ids_not_amount_based (test_stage3.Stage3.test_transaction_ids_not_amount_based) ... ok
test_translation_never_posts_to_legal_books (test_stage3.Stage3.test_translation_never_posts_to_legal_books) ... ok
test_translation_owner_receipt_and_rate_lineage (test_stage3.Stage3.test_translation_owner_receipt_and_rate_lineage) ... ok
test_translation_receipt_carries_presentation_currency (test_stage3.Stage3.test_translation_receipt_carries_presentation_currency) ... ok
test_unnecessary_selective_reexecution_rejected (test_stage3.Stage3.test_unnecessary_selective_reexecution_rejected) ... ok
test_unresolved_numeric_difference_is_visible_not_forced (test_stage3.Stage3.test_unresolved_numeric_difference_is_visible_not_forced) ... ok
test_unresolved_relationship_blocks_clean_case_closure (test_stage3.Stage3.test_unresolved_relationship_blocks_clean_case_closure) ... ok
test_unsupported_conversion_stays_unresolved (test_stage3.Stage3.test_unsupported_conversion_stays_unresolved) ... ok
test_wrong_order_rejected (test_stage3.Stage3.test_wrong_order_rejected) ... ok
test_wrong_version_dimensions (test_stage3.Stage3.test_wrong_version_dimensions) ... ok
test_artifacts_preserve_unresolved_residual_and_current_rework (test_stage3_artifacts.Stage3Artifacts.test_artifacts_preserve_unresolved_residual_and_current_rework) ... ok
test_committed_artifacts_reproduce_from_ordinary_runtime (test_stage3_artifacts.Stage3Artifacts.test_committed_artifacts_reproduce_from_ordinary_runtime) ... ok
test_baseline_native_population_contracts (test_stage3_independent.IndependentStage3Audit.test_baseline_native_population_contracts) ... ok
test_business_cycle_does_not_create_execution_cycle (test_stage3_independent.IndependentStage3Audit.test_business_cycle_does_not_create_execution_cycle) ... ok
test_consolidation_population_must_belong_to_producer_scope (test_stage3_independent.IndependentStage3Audit.test_consolidation_population_must_belong_to_producer_scope) ... ok
test_conversion_counterparty_population_must_match_source_legal_scopes (test_stage3_independent.IndependentStage3Audit.test_conversion_counterparty_population_must_match_source_legal_scopes) ... ok
test_conversion_other_legal_carrying_value_requires_exact_source (test_stage3_independent.IndependentStage3Audit.test_conversion_other_legal_carrying_value_requires_exact_source) ... ok
test_conversion_zero_adjustment_cannot_bind_shadow_principal (test_stage3_independent.IndependentStage3Audit.test_conversion_zero_adjustment_cannot_bind_shadow_principal) ... ok
test_correction_stales_only_actual_consumers_and_old_receipts_fail (test_stage3_independent.IndependentStage3Audit.test_correction_stales_only_actual_consumers_and_old_receipts_fail) ... ok
test_cross_period_cannot_be_clean_match (test_stage3_independent.IndependentStage3Audit.test_cross_period_cannot_be_clean_match) ... ok
test_economic_alias_cannot_duplicate_current_gross_journal (test_stage3_independent.IndependentStage3Audit.test_economic_alias_cannot_duplicate_current_gross_journal) ... ok
test_embedded_translation_disposition_cannot_be_omitted_or_duplicated (test_stage3_independent.IndependentStage3Audit.test_embedded_translation_disposition_cannot_be_omitted_or_duplicated) ... ok
test_exact_once_legal_and_group_with_embedded_translation (test_stage3_independent.IndependentStage3Audit.test_exact_once_legal_and_group_with_embedded_translation) ... ok
test_exact_source_row_cannot_change_transaction_identity (test_stage3_independent.IndependentStage3Audit.test_exact_source_row_cannot_change_transaction_identity) ... ok
test_group_cannot_replace_owner_cta_with_balanced_offset (test_stage3_independent.IndependentStage3Audit.test_group_cannot_replace_owner_cta_with_balanced_offset) ... ok
test_legacy_serialization_omits_only_absent_economic_identity (test_stage3_independent.IndependentStage3Audit.test_legacy_serialization_omits_only_absent_economic_identity) ... ok
test_legal_owner_must_qualify_real_transaction_population (test_stage3_independent.IndependentStage3Audit.test_legal_owner_must_qualify_real_transaction_population) ... ok
test_omitted_legal_counterparty_binding_rejected (test_stage3_independent.IndependentStage3Audit.test_omitted_legal_counterparty_binding_rejected) ... ok
test_public_output_does_not_disclose_internal_receipt_annotations (test_stage3_independent.IndependentStage3Audit.test_public_output_does_not_disclose_internal_receipt_annotations) ... ok
test_receipt_economic_identity_cannot_be_free_annotation (test_stage3_independent.IndependentStage3Audit.test_receipt_economic_identity_cannot_be_free_annotation) ... ok
test_receipt_semantic_identity_cannot_be_free_annotation (test_stage3_independent.IndependentStage3Audit.test_receipt_semantic_identity_cannot_be_free_annotation) ... ok
test_translation_cannot_hide_as_legal_layer_to_relabel_currency (test_stage3_independent.IndependentStage3Audit.test_translation_cannot_hide_as_legal_layer_to_relabel_currency) ... ok
test_translation_disposition_cannot_point_to_shadow_population (test_stage3_independent.IndependentStage3Audit.test_translation_disposition_cannot_point_to_shadow_population) ... ok
test_translation_disposition_cannot_suppress_native_monetary_fx (test_stage3_independent.IndependentStage3Audit.test_translation_disposition_cannot_suppress_native_monetary_fx) ... ok
test_translation_row_bound_to_real_tb_not_shadow_annotation (test_stage3_independent.IndependentStage3Audit.test_translation_row_bound_to_real_tb_not_shadow_annotation) ... ok
test_translation_transformation_economic_identity_is_bound (test_stage3_independent.IndependentStage3Audit.test_translation_transformation_economic_identity_is_bound) ... ok
test_hidden_native_population_change_rejected (test_stage4.Stage4Intake.test_hidden_native_population_change_rejected) ... ok
test_intake_correction_closes_same_governed_graph (test_stage4.Stage4Intake.test_intake_correction_closes_same_governed_graph) ... ok
test_material_node_omission_rejected (test_stage4.Stage4Intake.test_material_node_omission_rejected) ... ok
test_objective_intake_preserves_controlled_sources_and_work_modes (test_stage4.Stage4Intake.test_objective_intake_preserves_controlled_sources_and_work_modes) ... ok
test_reused_reviewed_pack_rejected (test_stage4.Stage4Intake.test_reused_reviewed_pack_rejected) ... ok
test_source_economic_identity_reuse_rejected (test_stage4.Stage4Intake.test_source_economic_identity_reuse_rejected) ... ok
test_source_manifest_omission_rejected (test_stage4.Stage4Intake.test_source_manifest_omission_rejected) ... ok
test_wrong_fiscal_calendar_rejected (test_stage4.Stage4Intake.test_wrong_fiscal_calendar_rejected) ... ok
test_wrong_reviewed_pack_period_rejected (test_stage4.Stage4Intake.test_wrong_reviewed_pack_period_rejected) ... ok
test_wrong_reviewed_pack_scope_rejected (test_stage4.Stage4Intake.test_wrong_reviewed_pack_scope_rejected) ... ok
test_wrong_source_input_selected_rejected (test_stage4.Stage4Intake.test_wrong_source_input_selected_rejected) ... ok
test_actual_group_accounting_reporting_analytics_blocked (test_stage4.Stage4Lifecycle.test_actual_group_accounting_reporting_analytics_blocked) ... ok
test_actual_selective_rework_set (test_stage4.Stage4Lifecycle.test_actual_selective_rework_set) ... ok
test_closed_period_correction_requires_reopening (test_stage4.Stage4Lifecycle.test_closed_period_correction_requires_reopening) ... ok
test_corrected_receipts_use_actual_replacement_versions (test_stage4.Stage4Lifecycle.test_corrected_receipts_use_actual_replacement_versions) ... ok
test_equal_value_wrong_counterparty_rejected (test_stage4.Stage4Lifecycle.test_equal_value_wrong_counterparty_rejected) ... ok
test_exact_old_results_preserved_immutably (test_stage4.Stage4Lifecycle.test_exact_old_results_preserved_immutably) ... ok
test_frameworks_currencies_remain_distinct (test_stage4.Stage4Lifecycle.test_frameworks_currencies_remain_distinct) ... ok
test_historical_blocked_report_is_superseded (test_stage4.Stage4Lifecycle.test_historical_blocked_report_is_superseded) ... ok
test_native_reviewer_bypass_cannot_correct (test_stage4.Stage4Lifecycle.test_native_reviewer_bypass_cannot_correct) ... ok
test_network_business_cycle_does_not_add_execution_cycle (test_stage4.Stage4Lifecycle.test_network_business_cycle_does_not_add_execution_cycle) ... ok
test_opening_comparative_exact_prior_result_preserved (test_stage4.Stage4Lifecycle.test_opening_comparative_exact_prior_result_preserved) ... ok
test_owner_group_result_replayed_not_hardcoded (test_stage4.Stage4Lifecycle.test_owner_group_result_replayed_not_hardcoded) ... ok
test_qualified_correction_reaches_ordinary_closed_case (test_stage4.Stage4Lifecycle.test_qualified_correction_reaches_ordinary_closed_case) ... ok
test_real_material_conflict_remains_partial (test_stage4.Stage4Lifecycle.test_real_material_conflict_remains_partial) ... ok
test_sibling_case_result_substitution_rejected (test_stage4.Stage4Lifecycle.test_sibling_case_result_substitution_rejected) ... ok
test_stale_receipt_cannot_survive_material_correction (test_stage4.Stage4Lifecycle.test_stale_receipt_cannot_survive_material_correction) ... ok
test_unrelated_owner_cannot_be_added_to_rework (test_stage4.Stage4Lifecycle.test_unrelated_owner_cannot_be_added_to_rework) ... ok
test_unrelated_results_are_not_reexecuted (test_stage4.Stage4Lifecycle.test_unrelated_results_are_not_reexecuted) ... ok
test_wrong_scope_period_case_receipt_rejected (test_stage4.Stage4Lifecycle.test_wrong_scope_period_case_receipt_rejected) ... ok
test_wrong_topological_order_cannot_reexecute (test_stage4.Stage4Lifecycle.test_wrong_topological_order_cannot_reexecute) ... ok
test_clean_answer_has_native_totals_and_analytics_with_units (test_stage4.Stage4PublicAndEconomics.test_clean_answer_has_native_totals_and_analytics_with_units) ... ok
test_conflict_answer_cannot_claim_group_report_supported (test_stage4.Stage4PublicAndEconomics.test_conflict_answer_cannot_claim_group_report_supported) ... ok
test_current_unsupported_general_conversion_fails_closed (test_stage4.Stage4PublicAndEconomics.test_current_unsupported_general_conversion_fails_closed) ... ok
test_exact_once_current_layers_and_translation_dispositions (test_stage4.Stage4PublicAndEconomics.test_exact_once_current_layers_and_translation_dispositions) ... ok
test_posting_alias_duplication_rejected (test_stage4.Stage4PublicAndEconomics.test_posting_alias_duplication_rejected) ... ok
test_public_routes_preserve_same_private_boundary (test_stage4.Stage4PublicAndEconomics.test_public_routes_preserve_same_private_boundary) ... ok
test_public_text_internals_fail_closed (test_stage4.Stage4PublicAndEconomics.test_public_text_internals_fail_closed) ... ok
test_qualified_native_transformation_paths (test_stage4.Stage4PublicAndEconomics.test_qualified_native_transformation_paths) ... ok
test_actual_legal_dependency_invalidation_reopens_group_documentation (test_stage4_case_refresh_independent.IndependentCaseRefresh.test_actual_legal_dependency_invalidation_reopens_group_documentation) ... ok
test_material_stale_version_reopens_documented_partial (test_stage4_case_refresh_independent.IndependentCaseRefresh.test_material_stale_version_reopens_documented_partial) ... ok
test_new_current_version_reopens_documented_partial (test_stage4_case_refresh_independent.IndependentCaseRefresh.test_new_current_version_reopens_documented_partial) ... ok
test_partial_documentation_cannot_close (test_stage4_case_refresh_independent.IndependentCaseRefresh.test_partial_documentation_cannot_close) ... ok
test_unchanged_current_partial_documentation_survives_refresh (test_stage4_case_refresh_independent.IndependentCaseRefresh.test_unchanged_current_partial_documentation_survives_refresh) ... ok
test_unrelated_case_result_does_not_reopen_documented_group (test_stage4_case_refresh_independent.IndependentCaseRefresh.test_unrelated_case_result_does_not_reopen_documented_group) ... ok
test_actual_native_comparative_refusal_keeps_case_partial (test_stage4_closing.ClosingPopulation.test_actual_native_comparative_refusal_keeps_case_partial) ... ok
test_closure_without_genuine_reviewed_comparative_is_rejected (test_stage4_closing.ClosingPopulation.test_closure_without_genuine_reviewed_comparative_is_rejected) ... ok
test_current_native_legal_and_translation_economics (test_stage4_closing.ClosingPopulation.test_current_native_legal_and_translation_economics) ... ok
test_each_group_dependency_or_exact_current_receipt_is_required (test_stage4_closing.ClosingPopulation.test_each_group_dependency_or_exact_current_receipt_is_required) ... ok
test_exact_once_excludes_old_legal_and_group_versions (test_stage4_closing.ClosingPopulation.test_exact_once_excludes_old_legal_and_group_versions) ... ok
test_four_material_current_relationships_enter_group (test_stage4_closing.ClosingPopulation.test_four_material_current_relationships_enter_group) ... ok
test_group_native_accounting_not_receipt_only (test_stage4_closing.ClosingPopulation.test_group_native_accounting_not_receipt_only) ... ok
test_group_residual_is_zero_from_native_accounting (test_stage4_closing.ClosingPopulation.test_group_residual_is_zero_from_native_accounting) ... ok
test_original_conflict_stays_immutable (test_stage4_closing.ClosingPopulation.test_original_conflict_stays_immutable) ... ok
test_parent_current_native_profit_has_exact_dependency (test_stage4_closing.ClosingPopulation.test_parent_current_native_profit_has_exact_dependency) ... ok
test_population_cannot_omit_legal_side_or_current_legal_version (test_stage4_closing.ClosingPopulation.test_population_cannot_omit_legal_side_or_current_legal_version) ... ok
test_population_cannot_shorten_legal_perimeter (test_stage4_closing.ClosingPopulation.test_population_cannot_shorten_legal_perimeter) ... ok
test_selective_closing_rework_derived_and_unrelated_current (test_stage4_closing.ClosingPopulation.test_selective_closing_rework_derived_and_unrelated_current) ... ok
test_superseded_transformation_and_wrong_dimensions_rejected (test_stage4_closing.ClosingPopulation.test_superseded_transformation_and_wrong_dimensions_rejected) ... ok
test_whole_operation_signed_row_cannot_change (test_stage4_closing.ClosingPopulation.test_whole_operation_signed_row_cannot_change) ... ok
test_alternate_quote_cannot_hide_contradictory_reporting_ledger (test_stage4_closing_independent.IndependentClosing.test_alternate_quote_cannot_hide_contradictory_reporting_ledger) ... ok
test_alternate_supported_quote_owner_not_target_drives_result (test_stage4_closing_independent.IndependentClosing.test_alternate_supported_quote_owner_not_target_drives_result) ... ok
test_bounded_residual_zero_not_full_case_closure (test_stage4_closing_independent.IndependentClosing.test_bounded_residual_zero_not_full_case_closure) ... ok
test_clqa01_contradictory_reviewed_presentation_quote_rejected (test_stage4_closing_independent.IndependentClosing.test_clqa01_contradictory_reviewed_presentation_quote_rejected) ... ok
test_coherent_but_changed_retained_presentation_quotes_refuse (test_stage4_closing_independent.IndependentClosing.test_coherent_but_changed_retained_presentation_quotes_refuse) ... ok
test_missing_provenance_rejected (test_stage4_closing_independent.IndependentClosing.test_missing_provenance_rejected) ... ok
test_native_owner_and_translation_profit_once (test_stage4_closing_independent.IndependentClosing.test_native_owner_and_translation_profit_once) ... ok
test_nonfinite_or_nonpositive_closing_quotes_refuse (test_stage4_closing_independent.IndependentClosing.test_nonfinite_or_nonpositive_closing_quotes_refuse) ... ok
test_original_immutable_and_superseded (test_stage4_closing_independent.IndependentClosing.test_original_immutable_and_superseded) ... ok
test_owner_rejects_supplied_gl_inconsistent_with_quote (test_stage4_closing_independent.IndependentClosing.test_owner_rejects_supplied_gl_inconsistent_with_quote) ... ok
test_public_answer_keeps_reviewed_source_private (test_stage4_closing_independent.IndependentClosing.test_public_answer_keeps_reviewed_source_private) ... ok
test_reviewed_closing_evidence_separate_from_original (test_stage4_closing_independent.IndependentClosing.test_reviewed_closing_evidence_separate_from_original) ... ok
test_stale_translation_receipt_cannot_reuse (test_stage4_closing_independent.IndependentClosing.test_stale_translation_receipt_cannot_reuse) ... ok
test_unrelated_versions_exactly_current (test_stage4_closing_independent.IndependentClosing.test_unrelated_versions_exactly_current) ... ok
test_unreviewed_closing_evidence_rejected (test_stage4_closing_independent.IndependentClosing.test_unreviewed_closing_evidence_rejected) ... ok
test_without_closing_evidence_original_remains_blocked (test_stage4_closing_independent.IndependentClosing.test_without_closing_evidence_original_remains_blocked) ... ok
test_wrong_closing_date_rejected (test_stage4_closing_independent.IndependentClosing.test_wrong_closing_date_rejected) ... ok
test_direct_receivable_cannot_claim_unqualified_currency (test_stage4_closing_independent.IndependentPayableTranslation.test_direct_receivable_cannot_claim_unqualified_currency) ... ok
test_direct_receivable_omission_rejected (test_stage4_closing_independent.IndependentPayableTranslation.test_direct_receivable_omission_rejected) ... ok
test_payable_only_translation_keeps_actual_reporting_qualified_receivable (test_stage4_closing_independent.IndependentPayableTranslation.test_payable_only_translation_keeps_actual_reporting_qualified_receivable) ... ok
test_payable_transformation_omission_rejected (test_stage4_closing_independent.IndependentPayableTranslation.test_payable_transformation_omission_rejected) ... ok
test_complete_group_relationships_and_one_operation_per_entity (test_stage4_closing_independent.IndependentWholePopulation.test_complete_group_relationships_and_one_operation_per_entity) ... ok
test_contradictory_parent_opening_ledger_rejects (test_stage4_closing_independent.IndependentWholePopulation.test_contradictory_parent_opening_ledger_rejects) ... ok
test_each_whole_operation_translation_omission_rejects (test_stage4_closing_independent.IndependentWholePopulation.test_each_whole_operation_translation_omission_rejects) ... ok
test_every_current_legal_side_cannot_be_omitted (test_stage4_closing_independent.IndependentWholePopulation.test_every_current_legal_side_cannot_be_omitted) ... ok
test_global_current_journal_selection_refuses_stale_reporting_population (test_stage4_closing_independent.IndependentWholePopulation.test_global_current_journal_selection_refuses_stale_reporting_population) ... ok
test_group_elimination_each_relationship_once (test_stage4_closing_independent.IndependentWholePopulation.test_group_elimination_each_relationship_once) ... ok
test_native_group_economics_current_but_reporting_honestly_refuses (test_stage4_closing_independent.IndependentWholePopulation.test_native_group_economics_current_but_reporting_honestly_refuses) ... ok
test_parent_profit_cannot_omit_exact_native_dependency (test_stage4_closing_independent.IndependentWholePopulation.test_parent_profit_cannot_omit_exact_native_dependency) ... ok
test_parent_profit_cannot_replace_native_gain_with_equal_balanced_plug (test_stage4_closing_independent.IndependentWholePopulation.test_parent_profit_cannot_replace_native_gain_with_equal_balanced_plug) ... ok
test_reporting_and_public_cannot_reuse_stale_pre_correction_results (test_stage4_closing_independent.IndependentWholePopulation.test_reporting_and_public_cannot_reuse_stale_pre_correction_results) ... ok
test_shortened_legal_perimeter_cannot_close (test_stage4_closing_independent.IndependentWholePopulation.test_shortened_legal_perimeter_cannot_close) ... ok
test_actual_downstream_consumers_stale_and_unrelated_current (test_stage4_correction.CorrectionPath.test_actual_downstream_consumers_stale_and_unrelated_current) ... ok
test_complete_population_guard_remains_active_after_other_conflict_corrected (test_stage4_correction.CorrectionPath.test_complete_population_guard_remains_active_after_other_conflict_corrected) ... ok
test_current_journals_have_native_fx_once_without_old_or_group_duplicates (test_stage4_correction.CorrectionPath.test_current_journals_have_native_fx_once_without_old_or_group_duplicates) ... ok
test_current_match_uses_both_exact_legal_versions_preserves_history (test_stage4_correction.CorrectionPath.test_current_match_uses_both_exact_legal_versions_preserves_history) ... ok
test_current_transformation_omission_rejected_at_group_reassessment (test_stage4_correction.CorrectionPath.test_current_transformation_omission_rejected_at_group_reassessment) ... ok
test_fresh_sealed_evidence_preserves_dimensional_and_economic_identity (test_stage4_correction.CorrectionPath.test_fresh_sealed_evidence_preserves_dimensional_and_economic_identity) ... ok
test_full_current_roster_cannot_omit_corrected_or_counterparty_version (test_stage4_correction.CorrectionPath.test_full_current_roster_cannot_omit_corrected_or_counterparty_version) ... ok
test_group_dependency_omission_in_sealed_replacement_rejected (test_stage4_correction.CorrectionPath.test_group_dependency_omission_in_sealed_replacement_rejected) ... ok
test_group_dependency_qualified_but_accounting_reporting_refresh_blocked (test_stage4_correction.CorrectionPath.test_group_dependency_qualified_but_accounting_reporting_refresh_blocked) ... ok
test_native_owner_remeasures_evidenced_opening_without_target_rate (test_stage4_correction.CorrectionPath.test_native_owner_remeasures_evidenced_opening_without_target_rate) ... ok
test_old_result_is_immutable_superseded_new_is_current (test_stage4_correction.CorrectionPath.test_old_result_is_immutable_superseded_new_is_current) ... ok
test_public_refresh_partial_no_accounting_totals_or_private_evidence (test_stage4_correction.CorrectionPath.test_public_refresh_partial_no_accounting_totals_or_private_evidence) ... ok
test_stale_and_superseded_equal_value_sources_cannot_refresh_group (test_stage4_correction.CorrectionPath.test_stale_and_superseded_equal_value_sources_cannot_refresh_group) ... ok
test_superseded_equal_value_receipt_rejects (test_stage4_correction.CorrectionPath.test_superseded_equal_value_receipt_rejects) ... ok
test_translation_and_reassessment_retains_two_eur_residual (test_stage4_correction.CorrectionPath.test_translation_and_reassessment_retains_two_eur_residual) ... ok
test_wrong_dimensions_cannot_substitute_equal_value_receipt (test_stage4_correction.CorrectionPath.test_wrong_dimensions_cannot_substitute_equal_value_receipt) ... ok
test_wrong_lineage_equal_value_reassessment_rejects (test_stage4_correction.CorrectionPath.test_wrong_lineage_equal_value_reassessment_rejects) ... ok
test_altered_native_profit_tb_balance_rejected (test_stage4_correction_independent.IndependentCorrection.test_altered_native_profit_tb_balance_rejected) ... ok
test_contradictory_reviewed_opening_summary_rejected (test_stage4_correction_independent.IndependentCorrection.test_contradictory_reviewed_opening_summary_rejected) ... ok
test_contradictory_reviewed_operation_ledger_rejected (test_stage4_correction_independent.IndependentCorrection.test_contradictory_reviewed_operation_ledger_rejected) ... ok
test_equal_value_wrong_lineage_profit_receipt_rejected (test_stage4_correction_independent.IndependentCorrection.test_equal_value_wrong_lineage_profit_receipt_rejected) ... ok
test_exact_once_native_journal_translation_no_duplicate (test_stage4_correction_independent.IndependentCorrection.test_exact_once_native_journal_translation_no_duplicate) ... ok
test_omitted_native_fx_profit_mapping_rejected (test_stage4_correction_independent.IndependentCorrection.test_omitted_native_fx_profit_mapping_rejected) ... ok
test_original_and_current_accounting_preserved (test_stage4_correction_independent.IndependentCorrection.test_original_and_current_accounting_preserved) ... ok
test_population_cannot_erase_corrected_legal_result (test_stage4_correction_independent.IndependentCorrection.test_population_cannot_erase_corrected_legal_result) ... ok
test_principal_rates_currencies_unchanged (test_stage4_correction_independent.IndependentCorrection.test_principal_rates_currencies_unchanged) ... ok
test_reassessment_counterparty_translation_omission_rejected (test_stage4_correction_independent.IndependentCorrection.test_reassessment_counterparty_translation_omission_rejected) ... ok
test_residual_not_suppressed_by_principal_match (test_stage4_correction_independent.IndependentCorrection.test_residual_not_suppressed_by_principal_match) ... ok
test_separate_reviewed_native_variation_drives_translation_profit (test_stage4_correction_independent.IndependentCorrection.test_separate_reviewed_native_variation_drives_translation_profit) ... ok
test_translation_owner_amount_substitution_rejected (test_stage4_correction_independent.IndependentCorrection.test_translation_owner_amount_substitution_rejected) ... ok
test_translation_wrong_lineage_rejected (test_stage4_correction_independent.IndependentCorrection.test_translation_wrong_lineage_rejected) ... ok
test_unrelated_current_versions_unchanged (test_stage4_correction_independent.IndependentCorrection.test_unrelated_current_versions_unchanged) ... ok
test_current_match_has_sealed_source_exact_versions_and_retained_history (test_stage4_current_timing_independent.IndependentCurrentTiming.test_current_match_has_sealed_source_exact_versions_and_retained_history) ... ok
test_historical_september_owner_cannot_substitute_current_october (test_stage4_current_timing_independent.IndependentCurrentTiming.test_historical_september_owner_cannot_substitute_current_october) ... ok
test_omitted_current_side_rejects_even_with_rewritten_decision (test_stage4_current_timing_independent.IndependentCurrentTiming.test_omitted_current_side_rejects_even_with_rewritten_decision) ... ok
test_stale_current_legal_result_rejects (test_stage4_current_timing_independent.IndependentCurrentTiming.test_stale_current_legal_result_rejects) ... ok
test_superseded_current_legal_result_rejects (test_stage4_current_timing_independent.IndependentCurrentTiming.test_superseded_current_legal_result_rejects) ... ok
test_wrong_counterparty_rejects (test_stage4_current_timing_independent.IndependentCurrentTiming.test_wrong_counterparty_rejects) ... ok
test_wrong_economic_lineage_rejects_equal_principal (test_stage4_current_timing_independent.IndependentCurrentTiming.test_wrong_economic_lineage_rejects_equal_principal) ... ok
test_wrong_scope_rejects (test_stage4_current_timing_independent.IndependentCurrentTiming.test_wrong_scope_rejects) ... ok
test_all_receipt_dimensions_refuse_substitution (test_stage4_final_independent.FinalIndependentArchitecture.test_all_receipt_dimensions_refuse_substitution) ... ok
test_analytics_dependency_is_part_of_group_version (test_stage4_final_independent.FinalIndependentArchitecture.test_analytics_dependency_is_part_of_group_version) ... ok
test_both_temporal_roles_equal_value_wrong_population (test_stage4_final_independent.FinalIndependentArchitecture.test_both_temporal_roles_equal_value_wrong_population) ... ok
test_both_temporal_roles_missing_declaration (test_stage4_final_independent.FinalIndependentArchitecture.test_both_temporal_roles_missing_declaration) ... ok
test_both_temporal_roles_missing_receipt (test_stage4_final_independent.FinalIndependentArchitecture.test_both_temporal_roles_missing_receipt) ... ok
test_both_temporal_roles_stale (test_stage4_final_independent.FinalIndependentArchitecture.test_both_temporal_roles_stale) ... ok
test_both_temporal_roles_substitution (test_stage4_final_independent.FinalIndependentArchitecture.test_both_temporal_roles_substitution) ... ok
test_both_temporal_roles_superseded_equal_value (test_stage4_final_independent.FinalIndependentArchitecture.test_both_temporal_roles_superseded_equal_value) ... ok
test_both_temporal_roles_wrong_calendar (test_stage4_final_independent.FinalIndependentArchitecture.test_both_temporal_roles_wrong_calendar) ... ok
test_both_temporal_roles_wrong_period (test_stage4_final_independent.FinalIndependentArchitecture.test_both_temporal_roles_wrong_period) ... ok
test_both_temporal_roles_wrong_scope (test_stage4_final_independent.FinalIndependentArchitecture.test_both_temporal_roles_wrong_scope) ... ok
test_both_temporal_roles_wrong_version (test_stage4_final_independent.FinalIndependentArchitecture.test_both_temporal_roles_wrong_version) ... ok
test_closed_period_replacement_requires_reopening (test_stage4_final_independent.FinalIndependentArchitecture.test_closed_period_replacement_requires_reopening) ... ok
test_contaminated_public_text_fails_closed (test_stage4_final_independent.FinalIndependentArchitecture.test_contaminated_public_text_fails_closed) ... ok
test_current_native_fx_remeasurement_preserves_original16_history (test_stage4_final_independent.FinalIndependentArchitecture.test_current_native_fx_remeasurement_preserves_original16_history) ... ok
test_eight_lineages_have_sealed_sources_and_current_edges (test_stage4_final_independent.FinalIndependentArchitecture.test_eight_lineages_have_sealed_sources_and_current_edges) ... ok
test_equal_value_prior_revision_has_exact_selective_rework (test_stage4_final_independent.FinalIndependentArchitecture.test_equal_value_prior_revision_has_exact_selective_rework) ... ok
test_every_current_receipt_exactly_bound (test_stage4_final_independent.FinalIndependentArchitecture.test_every_current_receipt_exactly_bound) ... ok
test_full_legal_population_and_four_reciprocal_relations (test_stage4_final_independent.FinalIndependentArchitecture.test_full_legal_population_and_four_reciprocal_relations) ... ok
test_full_native_exact_once_allocation (test_stage4_final_independent.FinalIndependentArchitecture.test_full_native_exact_once_allocation) ... ok
test_mutable_payloads_and_rehearsal_sources_do_not_alias_versions (test_stage4_final_independent.FinalIndependentArchitecture.test_mutable_payloads_and_rehearsal_sources_do_not_alias_versions) ... ok
test_native_cash_profit_and_separate_temporal_stocks (test_stage4_final_independent.FinalIndependentArchitecture.test_native_cash_profit_and_separate_temporal_stocks) ... ok
test_natural_intake_and_ordinary_closure (test_stage4_final_independent.FinalIndependentArchitecture.test_natural_intake_and_ordinary_closure) ... ok
test_original_material_conflicts_remain_historical (test_stage4_final_independent.FinalIndependentArchitecture.test_original_material_conflicts_remain_historical) ... ok
test_public_routes_privacy_and_current_result_selection (test_stage4_final_independent.FinalIndependentArchitecture.test_public_routes_privacy_and_current_result_selection) ... ok
test_reporting_rejects_dropped_temporal_declarations (test_stage4_final_independent.FinalIndependentArchitecture.test_reporting_rejects_dropped_temporal_declarations) ... ok
test_reporting_rejects_equal_value_tb_relabel (test_stage4_final_independent.FinalIndependentArchitecture.test_reporting_rejects_equal_value_tb_relabel) ... ok
test_scope_framework_currency_and_repeated_owner_identity (test_stage4_final_independent.FinalIndependentArchitecture.test_scope_framework_currency_and_repeated_owner_identity) ... ok
test_stale_prior_prevents_exact_once_release (test_stage4_final_independent.FinalIndependentArchitecture.test_stale_prior_prevents_exact_once_release) ... ok
test_three_distinct_native_temporal_versions (test_stage4_final_independent.FinalIndependentArchitecture.test_three_distinct_native_temporal_versions) ... ok
test_duplicate_translation_disposition_rejected (test_stage4_independent.IndependentStage4.test_duplicate_translation_disposition_rejected) ... ok
test_framework_receipt_cannot_change_supported_zero_adjustment (test_stage4_independent.IndependentStage4.test_framework_receipt_cannot_change_supported_zero_adjustment) ... ok
test_initial_blocked_results_are_not_accounting_authority (test_stage4_independent.IndependentStage4.test_initial_blocked_results_are_not_accounting_authority) ... ok
test_invalidated_population_follows_consumed_versions (test_stage4_independent.IndependentStage4.test_invalidated_population_follows_consumed_versions) ... ok
test_iqa01_complete_snapshot_is_in_declared_source_population (test_stage4_independent.IndependentStage4.test_iqa01_complete_snapshot_is_in_declared_source_population)
A retained snapshot pointer cannot substitute a complete manifest. ... ok
test_iqa02_recharge_cannot_enter_ordinary_framework_conversion (test_stage4_independent.IndependentStage4.test_iqa02_recharge_cannot_enter_ordinary_framework_conversion)
Keep closing principal equal while substituting service economics. ... ok
test_iqa03_current_relationships_have_group_population_dispositions (test_stage4_independent.IndependentStage4.test_iqa03_current_relationships_have_group_population_dispositions)
Whole-close completeness needs inclusion or explicit reviewed exclusion. ... ok
test_iqa03_generic_gate_rejects_omitted_and_forged_roster (test_stage4_independent.IndependentStage4.test_iqa03_generic_gate_rejects_omitted_and_forged_roster) ... ok
test_iqa03_real_flagship_missing_population_fails_safely (test_stage4_independent.IndependentStage4.test_iqa03_real_flagship_missing_population_fails_safely) ... ok
test_iqa03_uncovered_current_relationships_cannot_close_full_group_objective (test_stage4_independent.IndependentStage4.test_iqa03_uncovered_current_relationships_cannot_close_full_group_objective) ... ok
test_journal_event_cannot_relabel_current_version_as_other_book (test_stage4_independent.IndependentStage4.test_journal_event_cannot_relabel_current_version_as_other_book) ... ok
test_matching_original_source_fingerprint_cannot_be_relabelled (test_stage4_independent.IndependentStage4.test_matching_original_source_fingerprint_cannot_be_relabelled) ... ok
test_public_dynamic_reviewer_identity_fails_closed (test_stage4_independent.IndependentStage4.test_public_dynamic_reviewer_identity_fails_closed) ... ok
test_raw_provenance_objects_do_not_cross_public_routes (test_stage4_independent.IndependentStage4.test_raw_provenance_objects_do_not_cross_public_routes) ... ok
test_stale_group_answer_cannot_publish_previous_totals (test_stage4_independent.IndependentStage4.test_stale_group_answer_cannot_publish_previous_totals) ... ok
test_translation_disposition_cannot_point_to_equal_wrong_entity (test_stage4_independent.IndependentStage4.test_translation_disposition_cannot_point_to_equal_wrong_entity) ... ok
test_zero_implication_translation_needs_no_posting_disposition (test_stage4_independent.IndependentStage4.test_zero_implication_translation_needs_no_posting_disposition) ... ok
test_actual_current_owner_input_consumes_exact_prior_closing_version (test_stage4_native_opening.NativeOpening.test_actual_current_owner_input_consumes_exact_prior_closing_version) ... ok
test_effective_interval_wrong_owner_scope_or_included_period_rejected (test_stage4_native_opening.NativeOpening.test_effective_interval_wrong_owner_scope_or_included_period_rejected) ... ok
test_equal_value_current_receipt_cannot_replace_opening_relationship (test_stage4_native_opening.NativeOpening.test_equal_value_current_receipt_cannot_replace_opening_relationship) ... ok
test_native_effective_interval_executes_and_enters_actual_group_dependency (test_stage4_native_opening.NativeOpening.test_native_effective_interval_executes_and_enters_actual_group_dependency) ... ok
test_prior_closing_correction_invalidates_native_opening_consumer (test_stage4_native_opening.NativeOpening.test_prior_closing_correction_invalidates_native_opening_consumer) ... ok
test_effective_interval_is_consumed_by_native_execution (test_stage4_population_independent.IndependentPopulationGuard.test_effective_interval_is_consumed_by_native_execution) ... ok
test_effective_interval_wrong_included_period_rejects_ordinary_correction (test_stage4_population_independent.IndependentPopulationGuard.test_effective_interval_wrong_included_period_rejects_ordinary_correction) ... ok
test_effective_interval_wrong_owner_rejects_ordinary_correction (test_stage4_population_independent.IndependentPopulationGuard.test_effective_interval_wrong_owner_rejects_ordinary_correction) ... ok
test_effective_interval_wrong_scope_rejects_ordinary_correction (test_stage4_population_independent.IndependentPopulationGuard.test_effective_interval_wrong_scope_rejects_ordinary_correction) ... ok
test_fresh_replacement_preserves_original_execution (test_stage4_population_independent.IndependentPopulationGuard.test_fresh_replacement_preserves_original_execution) ... ok
test_full_population_cannot_erase_legal_perimeter (test_stage4_population_independent.IndependentPopulationGuard.test_full_population_cannot_erase_legal_perimeter) ... ok
test_full_population_cannot_omit_one_registered_legal_entity (test_stage4_population_independent.IndependentPopulationGuard.test_full_population_cannot_omit_one_registered_legal_entity) ... ok
test_full_population_cannot_substitute_group_for_legal_perimeter (test_stage4_population_independent.IndependentPopulationGuard.test_full_population_cannot_substitute_group_for_legal_perimeter) ... ok
test_full_population_cannot_substitute_unknown_scope (test_stage4_population_independent.IndependentPopulationGuard.test_full_population_cannot_substitute_unknown_scope) ... ok
test_prior_loan_correction_invalidates_exact_temporal_consumers (test_stage4_population_independent.IndependentPopulationGuard.test_prior_loan_correction_invalidates_exact_temporal_consumers) ... ok
test_replacement_rejects_changed_execution_identity (test_stage4_population_independent.IndependentPopulationGuard.test_replacement_rejects_changed_execution_identity) ... ok
test_replacement_rejects_different_retained_case_identity (test_stage4_population_independent.IndependentPopulationGuard.test_replacement_rejects_different_retained_case_identity) ... ok
test_replacement_rejects_omitted_snapshot_manifest (test_stage4_population_independent.IndependentPopulationGuard.test_replacement_rejects_omitted_snapshot_manifest) ... ok
test_replacement_rejects_removed_incoming_dependency (test_stage4_population_independent.IndependentPopulationGuard.test_replacement_rejects_removed_incoming_dependency) ... ok
test_replacement_rejects_sealed_obsolete_matching_receipt (test_stage4_population_independent.IndependentPopulationGuard.test_replacement_rejects_sealed_obsolete_matching_receipt) ... ok
test_replacement_rejects_unsealed_accounting_mutation (test_stage4_population_independent.IndependentPopulationGuard.test_replacement_rejects_unsealed_accounting_mutation) ... ok
test_actual_internal_dependency_identifiers_still_fail_closed (test_stage4_public_compatibility_independent.IndependentPublicCompatibility.test_actual_internal_dependency_identifiers_still_fail_closed) ... ok
test_adapter_does_not_curate_arbitrary_contaminated_reason (test_stage4_public_compatibility_independent.IndependentPublicCompatibility.test_adapter_does_not_curate_arbitrary_contaminated_reason) ... ok
test_adapter_does_not_drop_unknown_missing_fact_provenance (test_stage4_public_compatibility_independent.IndependentPublicCompatibility.test_adapter_does_not_drop_unknown_missing_fact_provenance) ... ok
test_concrete_typed_identifiers_still_fail_closed_every_route (test_stage4_public_compatibility_independent.IndependentPublicCompatibility.test_concrete_typed_identifiers_still_fail_closed_every_route) ... ok
test_missing_fact_curation_preserves_every_substantive_requirement (test_stage4_public_compatibility_independent.IndependentPublicCompatibility.test_missing_fact_curation_preserves_every_substantive_requirement) ... ok
test_missing_native_identity_is_curated_without_losing_blocked_reason (test_stage4_public_compatibility_independent.IndependentPublicCompatibility.test_missing_native_identity_is_curated_without_losing_blocked_reason) ... ok
test_natural_dependency_caveat_is_not_an_internal_identifier (test_stage4_public_compatibility_independent.IndependentPublicCompatibility.test_natural_dependency_caveat_is_not_an_internal_identifier) ... ok
test_unsupported_agriculture_dependency_remains_publicly_blocked (test_stage4_public_compatibility_independent.IndependentPublicCompatibility.test_unsupported_agriculture_dependency_remains_publicly_blocked) ... ok
test_whitespace_cannot_hide_other_internal_tokens_or_hashes (test_stage4_public_compatibility_independent.IndependentPublicCompatibility.test_whitespace_cannot_hide_other_internal_tokens_or_hashes) ... ok
test_case_objective_rewrite_rejected (test_stage4_replacement_intake.ReplacementIntake.test_case_objective_rewrite_rejected) ... ok
test_changed_prepared_candidates_rejected (test_stage4_replacement_intake.ReplacementIntake.test_changed_prepared_candidates_rejected) ... ok
test_changed_source_bytes_rejected (test_stage4_replacement_intake.ReplacementIntake.test_changed_source_bytes_rejected) ... ok
test_dependency_contract_addition_rejected (test_stage4_replacement_intake.ReplacementIntake.test_dependency_contract_addition_rejected) ... ok
test_fresh_correction_qualifies_without_execution_or_original_mutation (test_stage4_replacement_intake.ReplacementIntake.test_fresh_correction_qualifies_without_execution_or_original_mutation) ... ok
test_fresh_observation_rework_pack_qualifies_exact_replacement_receipts (test_stage4_replacement_intake.ReplacementIntake.test_fresh_observation_rework_pack_qualifies_exact_replacement_receipts) ... ok
test_hidden_complete_population_change_rejected (test_stage4_replacement_intake.ReplacementIntake.test_hidden_complete_population_change_rejected) ... ok
test_node_identity_rewrite_rejected (test_stage4_replacement_intake.ReplacementIntake.test_node_identity_rewrite_rejected) ... ok
test_observation_snapshot_mutation_rejected (test_stage4_replacement_intake.ReplacementIntake.test_observation_snapshot_mutation_rejected) ... ok
test_qualified_correction_publishes_new_result_and_preserves_original (test_stage4_replacement_intake.ReplacementIntake.test_qualified_correction_publishes_new_result_and_preserves_original) ... ok
test_rework_snapshot_cannot_seal_obsolete_receipts (test_stage4_replacement_intake.ReplacementIntake.test_rework_snapshot_cannot_seal_obsolete_receipts) ... ok
test_sibling_case_substitution_rejected (test_stage4_replacement_intake.ReplacementIntake.test_sibling_case_substitution_rejected) ... ok
test_snapshot_omitted_from_manifest_rejected (test_stage4_replacement_intake.ReplacementIntake.test_snapshot_omitted_from_manifest_rejected) ... ok
test_wrong_calendar_rejected (test_stage4_replacement_intake.ReplacementIntake.test_wrong_calendar_rejected) ... ok
test_wrong_reviewed_period_rejected (test_stage4_replacement_intake.ReplacementIntake.test_wrong_reviewed_period_rejected) ... ok
test_wrong_reviewed_scope_rejected (test_stage4_replacement_intake.ReplacementIntake.test_wrong_reviewed_scope_rejected) ... ok
test_committed_complete_temporal_lifecycle_reproduces (test_stage4_temporal_artifacts.CompleteTemporalArtifacts.test_committed_complete_temporal_lifecycle_reproduces) ... ok
test_actual_comparative_is_year_ago_not_adjacent_prior_close (test_stage4_temporal_independent.IndependentTemporalRefusal.test_actual_comparative_is_year_ago_not_adjacent_prior_close) ... ok
test_actual_owner_refuses_unexplained_equity (test_stage4_temporal_independent.IndependentTemporalRefusal.test_actual_owner_refuses_unexplained_equity) ... ok
test_current_group_preserved_and_stale_reporting_cannot_close (test_stage4_temporal_independent.IndependentTemporalRefusal.test_current_group_preserved_and_stale_reporting_cannot_close) ... ok
test_fabricated_bridge_metadata_does_not_supply_accounting (test_stage4_temporal_independent.IndependentTemporalRefusal.test_fabricated_bridge_metadata_does_not_supply_accounting) ... ok
test_false_continuity_review_flag_does_not_override_numeric_refusal (test_stage4_temporal_independent.IndependentTemporalRefusal.test_false_continuity_review_flag_does_not_override_numeric_refusal) ... ok
test_historical_results_remain_immutable (test_stage4_temporal_independent.IndependentTemporalRefusal.test_historical_results_remain_immutable) ... ok
test_missing_cash_opening_refuses (test_stage4_temporal_independent.IndependentTemporalRefusal.test_missing_cash_opening_refuses) ... ok
test_missing_comparative_tb_refuses (test_stage4_temporal_independent.IndependentTemporalRefusal.test_missing_comparative_tb_refuses) ... ok
test_missing_current_tb_refuses (test_stage4_temporal_independent.IndependentTemporalRefusal.test_missing_current_tb_refuses) ... ok
test_missing_equity_opening_refuses (test_stage4_temporal_independent.IndependentTemporalRefusal.test_missing_equity_opening_refuses) ... ok
test_restated_label_does_not_execute_accounting_changes (test_stage4_temporal_independent.IndependentTemporalRefusal.test_restated_label_does_not_execute_accounting_changes) ... ok
test_tqa01_invented_comparative_and_bridge_require_exact_temporal_results (test_stage4_temporal_independent.IndependentTemporalRefusal.test_tqa01_invented_comparative_and_bridge_require_exact_temporal_results) ... ok
test_adjacent_dates_and_calendar (test_stage4_temporal_model.TemporalIntegration.test_adjacent_dates_and_calendar) ... ok
test_current_accounting_preserved (test_stage4_temporal_model.TemporalIntegration.test_current_accounting_preserved) ... ok
test_distinct_opening_and_comparative_stocks (test_stage4_temporal_model.TemporalIntegration.test_distinct_opening_and_comparative_stocks) ... ok
test_equal_value_temporal_revision_invalidates_only_consumers (test_stage4_temporal_model.TemporalIntegration.test_equal_value_temporal_revision_invalidates_only_consumers) ... ok
test_exact_once_full_release (test_stage4_temporal_model.TemporalIntegration.test_exact_once_full_release) ... ok
test_native_reporting_and_case_close (test_stage4_temporal_model.TemporalIntegration.test_native_reporting_and_case_close) ... ok
test_no_intervening_financing_event_asserted (test_stage4_temporal_model.TemporalIntegration.test_no_intervening_financing_event_asserted) ... ok
test_original_versions_are_immutable (test_stage4_temporal_model.TemporalIntegration.test_original_versions_are_immutable) ... ok
test_public_answer_uses_current_reporting_only (test_stage4_temporal_model.TemporalIntegration.test_public_answer_uses_current_reporting_only) ... ok
test_temporal_receipts_are_exact (test_stage4_temporal_model.TemporalIntegration.test_temporal_receipts_are_exact) ... ok
test_temporal_versions_do_not_refresh_for_current_fx_correction (test_stage4_temporal_model.TemporalIntegration.test_temporal_versions_do_not_refresh_for_current_fx_correction) ... ok
test_adjacent_opening_date_is_required (test_stage4_temporal_model_independent.IndependentTemporalModel.test_adjacent_opening_date_is_required) ... ok
test_calendar_substitution_is_rejected (test_stage4_temporal_model_independent.IndependentTemporalModel.test_calendar_substitution_is_rejected) ... ok
test_equal_cash_and_equity_do_not_authorize_substituted_population (test_stage4_temporal_model_independent.IndependentTemporalModel.test_equal_cash_and_equity_do_not_authorize_substituted_population) ... ok
test_equal_value_relabel_does_not_supply_missing_receipts (test_stage4_temporal_model_independent.IndependentTemporalModel.test_equal_value_relabel_does_not_supply_missing_receipts) ... ok
test_exact_native_boundary_versions_qualify (test_stage4_temporal_model_independent.IndependentTemporalModel.test_exact_native_boundary_versions_qualify) ... ok
test_exact_receipt_currency_cannot_be_relabelled (test_stage4_temporal_model_independent.IndependentTemporalModel.test_exact_receipt_currency_cannot_be_relabelled) ... ok
test_explicit_opening_alignment_alone_requires_temporal_declarations (test_stage4_temporal_model_independent.IndependentTemporalModel.test_explicit_opening_alignment_alone_requires_temporal_declarations) ... ok
test_gross_original_residuals_survive_boundary (test_stage4_temporal_model_independent.IndependentTemporalModel.test_gross_original_residuals_survive_boundary) ... ok
test_missing_prior_closing_receipt_blocks_opening (test_stage4_temporal_model_independent.IndependentTemporalModel.test_missing_prior_closing_receipt_blocks_opening) ... ok
test_native_source_mutation_cannot_retain_result_version (test_stage4_temporal_model_independent.IndependentTemporalModel.test_native_source_mutation_cannot_retain_result_version) ... ok
test_native_supplied_stock_acceptance_is_not_a_year_bridge (test_stage4_temporal_model_independent.IndependentTemporalModel.test_native_supplied_stock_acceptance_is_not_a_year_bridge) ... ok
test_opening_is_distinct_current_boundary_version (test_stage4_temporal_model_independent.IndependentTemporalModel.test_opening_is_distinct_current_boundary_version) ... ok
test_opening_receipt_cannot_be_reused_as_comparative (test_stage4_temporal_model_independent.IndependentTemporalModel.test_opening_receipt_cannot_be_reused_as_comparative) ... ok
test_prior_year_comparative_is_original_distinct_stock (test_stage4_temporal_model_independent.IndependentTemporalModel.test_prior_year_comparative_is_original_distinct_stock) ... ok
test_required_temporal_edges_require_declarations_even_without_marker (test_stage4_temporal_model_independent.IndependentTemporalModel.test_required_temporal_edges_require_declarations_even_without_marker) ... ok
test_stale_boundary_version_cannot_be_consumed (test_stage4_temporal_model_independent.IndependentTemporalModel.test_stale_boundary_version_cannot_be_consumed) ... ok
test_stale_prior_closing_blocks_current_opening_consumption (test_stage4_temporal_model_independent.IndependentTemporalModel.test_stale_prior_closing_blocks_current_opening_consumption) ... ok
test_superseded_equal_value_boundary_receipt_is_rejected (test_stage4_temporal_model_independent.IndependentTemporalModel.test_superseded_equal_value_boundary_receipt_is_rejected) ... ok
test_superseded_equal_value_prior_closing_blocks_opening_chain (test_stage4_temporal_model_independent.IndependentTemporalModel.test_superseded_equal_value_prior_closing_blocks_opening_chain) ... ok
test_wrong_period_receipt_is_rejected (test_stage4_temporal_model_independent.IndependentTemporalModel.test_wrong_period_receipt_is_rejected) ... ok
test_wrong_population_date_is_rejected (test_stage4_temporal_model_independent.IndependentTemporalModel.test_wrong_population_date_is_rejected) ... ok
test_wrong_result_version_is_rejected (test_stage4_temporal_model_independent.IndependentTemporalModel.test_wrong_result_version_is_rejected) ... ok
test_wrong_scope_receipt_is_rejected (test_stage4_temporal_model_independent.IndependentTemporalModel.test_wrong_scope_receipt_is_rejected) ... ok
test_zero_cash_review_cannot_cover_actual_nonzero_flow (test_stage4_temporal_model_independent.IndependentTemporalModel.test_zero_cash_review_cannot_cover_actual_nonzero_flow) ... ok
test_zero_cash_review_requires_evidence (test_stage4_temporal_model_independent.IndependentTemporalModel.test_zero_cash_review_requires_evidence) ... ok
test_clean_bounded_control_preserves_unequal_eur_and_history (test_stage4_two_sides_independent.IndependentTwoSides.test_clean_bounded_control_preserves_unequal_eur_and_history) ... ok
test_duplicate_payable_target_rejected (test_stage4_two_sides_independent.IndependentTwoSides.test_duplicate_payable_target_rejected) ... ok
test_framework_receipt_native_side_substitution_rejected (test_stage4_two_sides_independent.IndependentTwoSides.test_framework_receipt_native_side_substitution_rejected) ... ok
test_native_payable_carrying_plug_rejected (test_stage4_two_sides_independent.IndependentTwoSides.test_native_payable_carrying_plug_rejected) ... ok
test_omitted_receivable_mapping_rejected (test_stage4_two_sides_independent.IndependentTwoSides.test_omitted_receivable_mapping_rejected) ... ok
test_other_economic_transaction_id_rejected (test_stage4_two_sides_independent.IndependentTwoSides.test_other_economic_transaction_id_rejected) ... ok
test_payable_receipt_metric_substitution_rejected (test_stage4_two_sides_independent.IndependentTwoSides.test_payable_receipt_metric_substitution_rejected) ... ok
test_reviewed_source_mutation_invalidates_translation_qualification (test_stage4_two_sides_independent.IndependentTwoSides.test_reviewed_source_mutation_invalidates_translation_qualification) ... ok
test_services_are_not_generic_conversion_rejected (test_stage4_two_sides_independent.IndependentTwoSides.test_services_are_not_generic_conversion_rejected) ... ok
test_superseded_legal_side_invalidates_translation_and_reassessment (test_stage4_two_sides_independent.IndependentTwoSides.test_superseded_legal_side_invalidates_translation_and_reassessment) ... ok
test_wrong_economic_identity_rejected (test_stage4_two_sides_independent.IndependentTwoSides.test_wrong_economic_identity_rejected) ... ok
test_wrong_native_functional_currency_cannot_qualify_us_legal_side (test_stage4_two_sides_independent.IndependentTwoSides.test_wrong_native_functional_currency_cannot_qualify_us_legal_side) ... ok
test_wrong_transaction_currency_rejected (test_stage4_two_sides_independent.IndependentTwoSides.test_wrong_transaction_currency_rejected) ... ok
test_each_side_has_a_revalidated_framework_receipt (test_stage4_two_translated_sides.TwoTranslatedSides.test_each_side_has_a_revalidated_framework_receipt) ... ok
test_equal_value_different_legal_result_is_not_lineage (test_stage4_two_translated_sides.TwoTranslatedSides.test_equal_value_different_legal_result_is_not_lineage) ... ok
test_framework_receipt_sign_substitution_rejected (test_stage4_two_translated_sides.TwoTranslatedSides.test_framework_receipt_sign_substitution_rejected) ... ok
test_group_dependency_requalifies_both_translated_sources (test_stage4_two_translated_sides.TwoTranslatedSides.test_group_dependency_requalifies_both_translated_sources) ... ok
test_native_two_side_reassessment_retains_difference_without_journals (test_stage4_two_translated_sides.TwoTranslatedSides.test_native_two_side_reassessment_retains_difference_without_journals) ... ok
test_omitted_payable_translation_rejected (test_stage4_two_translated_sides.TwoTranslatedSides.test_omitted_payable_translation_rejected) ... ok
test_original_principal_substitution_rejected (test_stage4_two_translated_sides.TwoTranslatedSides.test_original_principal_substitution_rejected) ... ok
test_swapped_native_sides_rejected (test_stage4_two_translated_sides.TwoTranslatedSides.test_swapped_native_sides_rejected) ... ok
test_wrong_payable_sign_rejected (test_stage4_two_translated_sides.TwoTranslatedSides.test_wrong_payable_sign_rejected) ... ok
test_wrong_translation_economic_identity_rejected (test_stage4_two_translated_sides.TwoTranslatedSides.test_wrong_translation_economic_identity_rejected) ... ok
test_all_bridges_no_plugs (test_treasury.TreasuryAuthored.test_all_bridges_no_plugs) ... ok
test_artifacts_match_saved (test_treasury.TreasuryAuthored.test_artifacts_match_saved) ... ok
test_clean_control_closes (test_treasury.TreasuryAuthored.test_clean_control_closes) ... ok
test_exact_once_principal_cash (test_treasury.TreasuryAuthored.test_exact_once_principal_cash) ... ok
test_expected_modes (test_treasury.TreasuryAuthored.test_expected_modes) ... ok
test_four_executable_lineages (test_treasury.TreasuryAuthored.test_four_executable_lineages) ... ok
test_fx_is_not_interest (test_treasury.TreasuryAuthored.test_fx_is_not_interest) ... ok
test_genuine_intake_has_source_inventory (test_treasury.TreasuryAuthored.test_genuine_intake_has_source_inventory) ... ok
test_governed_reporting_composition (test_treasury.TreasuryAuthored.test_governed_reporting_composition) ... ok
test_hash_seed_artifacts_are_identical (test_treasury.TreasuryAuthored.test_hash_seed_artifacts_are_identical) ... ok
test_hedge_oci_is_not_cash (test_treasury.TreasuryAuthored.test_hedge_oci_is_not_cash) ... ok
test_hypothesis_rejected_with_evidence (test_treasury.TreasuryAuthored.test_hypothesis_rejected_with_evidence) ... ok
test_memory_not_promoted (test_treasury.TreasuryAuthored.test_memory_not_promoted) ... ok
test_missing_debt_reporting_handoff_blocks_fs (test_treasury.TreasuryAuthored.test_missing_debt_reporting_handoff_blocks_fs) ... ok
test_narrow_cash_uses_only_debt_currency_and_cash (test_treasury.TreasuryAuthored.test_narrow_cash_uses_only_debt_currency_and_cash) ... ok
test_narrow_hedge_retains_only_debt_dependency (test_treasury.TreasuryAuthored.test_narrow_hedge_retains_only_debt_dependency) ... ok
test_no_irrelevant_financial_asset_or_fv_owner (test_treasury.TreasuryAuthored.test_no_irrelevant_financial_asset_or_fv_owner) ... ok
test_noncurrent_fx_cannot_be_guessed (test_treasury.TreasuryAuthored.test_noncurrent_fx_cannot_be_guessed) ... ok
test_normal_interest_excludes_borrowing_costs (test_treasury.TreasuryAuthored.test_normal_interest_excludes_borrowing_costs) ... ok
test_primary_material_conflict_stays_documented (test_treasury.TreasuryAuthored.test_primary_material_conflict_stays_documented) ... ok
test_qualified_native_owners (test_treasury.TreasuryAuthored.test_qualified_native_owners) ... ok
test_rate_bridge_residual_explicit (test_treasury.TreasuryAuthored.test_rate_bridge_residual_explicit) ... ok
test_result_binding_cannot_use_equal_unrelated_metric (test_treasury.TreasuryAuthored.test_result_binding_cannot_use_equal_unrelated_metric) ... ok
test_source_bank_population_is_complete (test_treasury.TreasuryAuthored.test_source_bank_population_is_complete) ... ok
test_source_bytes_and_dimensions_require_review (test_treasury.TreasuryAuthored.test_source_bytes_and_dimensions_require_review) ... ok
test_unavailable_borrowing_costs_is_precise_open_owner (test_treasury.TreasuryAuthored.test_unavailable_borrowing_costs_is_precise_open_owner) ... ok
test_witness_retained (test_treasury.TreasuryAuthored.test_witness_retained) ... ok
test_wrong_reporting_semantic_target_rejects (test_treasury.TreasuryAuthored.test_wrong_reporting_semantic_target_rejects) ... ok
test_aliases_cannot_consume_native_journal_atoms_twice (test_treasury_independent.IndependentTreasuryAcceptance.test_aliases_cannot_consume_native_journal_atoms_twice) ... ok
test_analytics_residual_and_owner_identity (test_treasury_independent.IndependentTreasuryAcceptance.test_analytics_residual_and_owner_identity) ... ok
test_bank_classification_conflicts_with_elected_policy (test_treasury_independent.IndependentTreasuryAcceptance.test_bank_classification_conflicts_with_elected_policy) ... ok
test_bank_event_origin_retag_fails_with_fresh_review (test_treasury_independent.IndependentTreasuryAcceptance.test_bank_event_origin_retag_fails_with_fresh_review) ... ok
test_bank_source_identity_cannot_change_with_nature_alias (test_treasury_independent.IndependentTreasuryAcceptance.test_bank_source_identity_cannot_change_with_nature_alias) ... ok
test_cash_opening_closing_reconciliation (test_treasury_independent.IndependentTreasuryAcceptance.test_cash_opening_closing_reconciliation) ... ok
test_cash_principal_omission (test_treasury_independent.IndependentTreasuryAcceptance.test_cash_principal_omission) ... ok
test_clean_and_material_conflict_outcomes (test_treasury_independent.IndependentTreasuryAcceptance.test_clean_and_material_conflict_outcomes) ... ok
test_context_is_proposed_never_automatically_promoted (test_treasury_independent.IndependentTreasuryAcceptance.test_context_is_proposed_never_automatically_promoted) ... ok
test_contract_notional_source_contradiction (test_treasury_independent.IndependentTreasuryAcceptance.test_contract_notional_source_contradiction) ... ok
test_debt_opening_mismatch (test_treasury_independent.IndependentTreasuryAcceptance.test_debt_opening_mismatch) ... ok
test_debt_principal_duplication (test_treasury_independent.IndependentTreasuryAcceptance.test_debt_principal_duplication) ... ok
test_debt_repayment_duplication (test_treasury_independent.IndependentTreasuryAcceptance.test_debt_repayment_duplication) ... ok
test_derivative_fv_as_bank_cash (test_treasury_independent.IndependentTreasuryAcceptance.test_derivative_fv_as_bank_cash) ... ok
test_designated_quantity_source_contradiction (test_treasury_independent.IndependentTreasuryAcceptance.test_designated_quantity_source_contradiction) ... ok
test_designation_after_inception_cannot_receive_oci (test_treasury_independent.IndependentTreasuryAcceptance.test_designation_after_inception_cannot_receive_oci) ... ok
test_draw_and_fee_source_omission (test_treasury_independent.IndependentTreasuryAcceptance.test_draw_and_fee_source_omission) ... ok
test_duplicate_cash_interest (test_treasury_independent.IndependentTreasuryAcceptance.test_duplicate_cash_interest) ... ok
test_economic_hedge_without_designation_does_not_get_reserve (test_treasury_independent.IndependentTreasuryAcceptance.test_economic_hedge_without_designation_does_not_get_reserve) ... ok
test_effectiveness_reserve_source_contradiction (test_treasury_independent.IndependentTreasuryAcceptance.test_effectiveness_reserve_source_contradiction) ... ok
test_external_valuation_rollforward_contradiction (test_treasury_independent.IndependentTreasuryAcceptance.test_external_valuation_rollforward_contradiction) ... ok
test_fx_original_population_change (test_treasury_independent.IndependentTreasuryAcceptance.test_fx_original_population_change) ... ok
test_fx_settlement_rate_source_must_bind (test_treasury_independent.IndependentTreasuryAcceptance.test_fx_settlement_rate_source_must_bind) ... ok
test_hedge_notional_mismatch (test_treasury_independent.IndependentTreasuryAcceptance.test_hedge_notional_mismatch) ... ok
test_hedge_reserve_mismatch (test_treasury_independent.IndependentTreasuryAcceptance.test_hedge_reserve_mismatch) ... ok
test_hedge_risk_currency_mismatch (test_treasury_independent.IndependentTreasuryAcceptance.test_hedge_risk_currency_mismatch) ... ok
test_hedge_unsupported_effectiveness (test_treasury_independent.IndependentTreasuryAcceptance.test_hedge_unsupported_effectiveness) ... ok
test_hedge_wrong_item (test_treasury_independent.IndependentTreasuryAcceptance.test_hedge_wrong_item) ... ok
test_interest_explanations_use_real_rate_quantity_math (test_treasury_independent.IndependentTreasuryAcceptance.test_interest_explanations_use_real_rate_quantity_math) ... ok
test_lender_statement_disagrees_with_register (test_treasury_independent.IndependentTreasuryAcceptance.test_lender_statement_disagrees_with_register) ... ok
test_maturity_conflicts_with_contractual_payments (test_treasury_independent.IndependentTreasuryAcceptance.test_maturity_conflicts_with_contractual_payments) ... ok
test_missing_qualified_valuation (test_treasury_independent.IndependentTreasuryAcceptance.test_missing_qualified_valuation) ... ok
test_modification_cannot_use_old_yield (test_treasury_independent.IndependentTreasuryAcceptance.test_modification_cannot_use_old_yield) ... ok
test_narrow_debt_and_fx_are_not_full_treasury (test_treasury_independent.IndependentTreasuryAcceptance.test_narrow_debt_and_fx_are_not_full_treasury) ... ok
test_native_funded_draw_ownership_and_alias_attacks (test_treasury_independent.IndependentTreasuryAcceptance.test_native_funded_draw_ownership_and_alias_attacks) ... ok
test_native_standalone_derivative_settlement_ownership_attacks (test_treasury_independent.IndependentTreasuryAcceptance.test_native_standalone_derivative_settlement_ownership_attacks) ... ok
test_no_template_commodity_designation_evidence (test_treasury_independent.IndependentTreasuryAcceptance.test_no_template_commodity_designation_evidence) ... ok
test_nominal_coupon_substitution (test_treasury_independent.IndependentTreasuryAcceptance.test_nominal_coupon_substitution) ... ok
test_non_cash_fx_as_cash (test_treasury_independent.IndependentTreasuryAcceptance.test_non_cash_fx_as_cash) ... ok
test_original_foreign_currency_preserved (test_treasury_independent.IndependentTreasuryAcceptance.test_original_foreign_currency_preserved) ... ok
test_owner_import_result_cannot_be_stale (test_treasury_independent.IndependentTreasuryAcceptance.test_owner_import_result_cannot_be_stale) ... ok
test_public_routes_hide_private_source_and_owner_metadata (test_treasury_independent.IndependentTreasuryAcceptance.test_public_routes_hide_private_source_and_owner_metadata) ... ok
test_qualified_external_valuation_dimension_metadata (test_treasury_independent.IndependentTreasuryAcceptance.test_qualified_external_valuation_dimension_metadata) ... ok
test_reconciliation_residual (test_treasury_independent.IndependentTreasuryAcceptance.test_reconciliation_residual) ... ok
test_remaining_contractual_cashflows_omission (test_treasury_independent.IndependentTreasuryAcceptance.test_remaining_contractual_cashflows_omission) ... ok
test_reporting_excludes_advanced_hedge_movement_scope (test_treasury_independent.IndependentTreasuryAcceptance.test_reporting_excludes_advanced_hedge_movement_scope) ... ok
test_required_reporting_handoff_cannot_disappear (test_treasury_independent.IndependentTreasuryAcceptance.test_required_reporting_handoff_cannot_disappear) ... ok
test_rights_not_inferred_from_maturity (test_treasury_independent.IndependentTreasuryAcceptance.test_rights_not_inferred_from_maturity) ... ok
test_selected_owners_exclude_irrelevant_packages (test_treasury_independent.IndependentTreasuryAcceptance.test_selected_owners_exclude_irrelevant_packages) ... ok
test_source_qualification_tracks_prose_not_only_numbers (test_treasury_independent.IndependentTreasuryAcceptance.test_source_qualification_tracks_prose_not_only_numbers) ... ok
test_unsupported_fee (test_treasury_independent.IndependentTreasuryAcceptance.test_unsupported_fee) ... ok
test_valuation_wrong_dimensions (test_treasury_independent.IndependentTreasuryAcceptance.test_valuation_wrong_dimensions) ... ok

----------------------------------------------------------------------
Ran 1344 tests in 5915.929s

OK
